timestamp,server,cpu_percent,memory_gb,network_mbps
2026-05-18 00:00,srv-web-01,37.98,5.89,129.72
2026-05-18 01:00,srv-web-01,44.14,5.81,116.49
2026-05-18 02:00,srv-web-01,44.48,6.61,112.96
2026-05-18 03:00,srv-web-01,38.26,5.63,113.01
2026-05-18 04:00,srv-web-01,36.45,4.47,94.13
2026-05-18 05:00,srv-web-01,31.63,5.19,124.71
2026-05-18 06:00,srv-web-01,29.55,4.87,141.98
2026-05-18 07:00,srv-web-01,33.65,6.05,98.63
2026-05-18 08:00,srv-web-01,31.73,6.09,102.74
2026-05-18 09:00,srv-web-01,37.25,5.52,115.62
2026-05-18 10:00,srv-web-01,31.39,7.48,119.8
2026-05-18 11:00,srv-web-01,28.65,6.66,101.69
2026-05-18 12:00,srv-web-01,36.25,4.43,100.08
2026-05-18 13:00,srv-web-01,36.18,6.59,122.57
2026-05-18 14:00,srv-web-01,34.31,5.76,97.82
2026-05-18 15:00,srv-web-01,30.68,5.63,135.86
2026-05-18 16:00,srv-web-01,37.06,4.59,124.86
2026-05-18 17:00,srv-web-01,32.69,5.46,129.18
2026-05-18 18:00,srv-web-01,41.19,6.75,107.41
2026-05-18 19:00,srv-web-01,33.14,6.27,134.63
2026-05-18 20:00,srv-web-01,32.12,5.85,103.4
2026-05-18 21:00,srv-web-01,27.82,6.65,140.34
2026-05-18 22:00,srv-web-01,34.57,6.8,125.42
2026-05-18 23:00,srv-web-01,31.13,6.29,143.07
2026-05-19 00:00,srv-web-01,34.79,7.25,80.7
2026-05-19 01:00,srv-web-01,39.93,6.07,115.51
2026-05-19 02:00,srv-web-01,35.55,4.41,116.7
2026-05-19 03:00,srv-web-01,37.14,7.18,112.23
2026-05-19 04:00,srv-web-01,30.15,5.6,133.73
2026-05-19 05:00,srv-web-01,36.97,5.58,127.7
2026-05-19 06:00,srv-web-01,35.58,6.77,109.47
2026-05-19 07:00,srv-web-01,33.03,5.69,98.05
2026-05-19 08:00,srv-web-01,36.78,6.21,120.08
2026-05-19 09:00,srv-web-01,33.59,4.87,113.69
2026-05-19 10:00,srv-web-01,32.94,5.36,117.58
2026-05-19 11:00,srv-web-01,37.42,7.51,122.62
2026-05-19 12:00,srv-web-01,36.55,5.94,91.22
2026-05-19 13:00,srv-web-01,34.84,6.05,156.95
2026-05-19 14:00,srv-web-01,33.85,6.24,119.48
2026-05-19 15:00,srv-web-01,27.99,6.91,131.28
2026-05-19 16:00,srv-web-01,39.75,5.27,141.04
2026-05-19 17:00,srv-web-01,26.59,6.47,152.86
2026-05-19 18:00,srv-web-01,29.06,5.55,121.49
2026-05-19 19:00,srv-web-01,31.98,4.76,121.03
2026-05-19 20:00,srv-web-01,28.63,6.38,106.21
2026-05-19 21:00,srv-web-01,44.3,5.37,115.17
2026-05-19 22:00,srv-web-01,39.88,5.02,123.41
2026-05-19 23:00,srv-web-01,,4.71,122.77
2026-05-20 00:00,srv-web-01,36.56,6.63,101.45
2026-05-20 01:00,srv-web-01,27.08,6.42,124.45
2026-05-20 02:00,srv-web-01,36.5,6.28,109.8
2026-05-20 03:00,srv-web-01,36.39,6.23,109.28
2026-05-20 04:00,srv-web-01,46.19,6.38,102.13
2026-05-20 05:00,srv-web-01,38.94,5.22,131.81
2026-05-20 06:00,srv-web-01,41.95,5.34,134.45
2026-05-20 07:00,srv-web-01,37.48,6.66,148.45
2026-05-20 08:00,srv-web-01,33.53,5.4,106.66
2026-05-20 09:00,srv-web-01,30.11,5.94,125.12
2026-05-20 10:00,srv-web-01,36.66,6.66,120.2
2026-05-20 11:00,srv-web-01,43.72,5.79,160.8
2026-05-20 12:00,srv-web-01,38.75,5.31,103.94
2026-05-20 13:00,srv-web-01,37.89,5.82,130.71
2026-05-20 14:00,srv-web-01,37.84,5.94,107.3
2026-05-20 15:00,srv-web-01,25.91,5.64,132.85
2026-05-20 16:00,srv-web-01,36.28,5.0,122.6
2026-05-20 17:00,srv-web-01,37.31,5.29,122.31
2026-05-20 18:00,srv-web-01,35.35,5.09,125.37
2026-05-20 19:00,srv-web-01,38.36,6.87,135.81
2026-05-20 20:00,srv-web-01,26.73,5.25,127.73
2026-05-20 21:00,srv-web-01,38.08,6.41,177.79
2026-05-20 22:00,srv-web-01,38.43,6.91,134.31
2026-05-20 23:00,srv-web-01,38.91,5.75,131.38
2026-05-21 00:00,srv-web-01,30.36,5.81,112.72
2026-05-21 01:00,srv-web-01,35.49,7.85,91.99
2026-05-21 02:00,srv-web-01,39.12,4.71,112.92
2026-05-21 03:00,srv-web-01,41.53,6.05,103.83
2026-05-21 04:00,srv-web-01,30.71,6.54,109.04
2026-05-21 05:00,srv-web-01,36.3,6.04,110.23
2026-05-21 06:00,srv-web-01,47.86,6.51,89.62
2026-05-21 07:00,srv-web-01,36.12,5.47,132.79
2026-05-21 08:00,srv-web-01,30.24,5.91,127.57
2026-05-21 09:00,srv-web-01,40.19,5.04,114.98
2026-05-21 10:00,srv-web-01,32.15,5.48,146.48
2026-05-21 11:00,srv-web-01,37.43,4.99,133.77
2026-05-21 12:00,srv-web-01,47.73,6.83,97.21
2026-05-21 13:00,srv-web-01,32.09,7.01,109.38
2026-05-21 14:00,srv-web-01,37.66,6.62,106.1
2026-05-21 15:00,srv-web-01,34.64,3.41,
2026-05-21 16:00,srv-web-01,33.48,5.0,144.49
2026-05-21 17:00,srv-web-01,26.42,5.65,121.96
2026-05-21 18:00,srv-web-01,43.65,4.85,137.45
2026-05-21 19:00,srv-web-01,35.06,5.21,126.93
2026-05-21 20:00,srv-web-01,36.19,5.52,121.05
2026-05-21 21:00,srv-web-01,32.69,,129.93
2026-05-21 22:00,srv-web-01,44.52,5.01,152.0
2026-05-21 23:00,srv-web-01,23.29,5.88,128.82
2026-05-22 00:00,srv-web-01,36.69,5.5,116.88
2026-05-22 01:00,srv-web-01,32.04,5.53,132.74
2026-05-22 02:00,srv-web-01,37.14,5.45,133.49
2026-05-22 03:00,srv-web-01,36.84,6.65,129.44
2026-05-22 04:00,srv-web-01,30.03,5.55,131.21
2026-05-22 05:00,srv-web-01,38.66,5.98,121.76
2026-05-22 06:00,srv-web-01,42.67,,128.21
2026-05-22 07:00,srv-web-01,33.79,5.83,136.48
2026-05-22 08:00,srv-web-01,39.95,6.65,139.58
2026-05-22 09:00,srv-web-01,35.13,6.55,115.35
2026-05-22 10:00,srv-web-01,36.94,5.9,121.45
2026-05-22 11:00,srv-web-01,38.57,5.35,151.39
2026-05-22 12:00,srv-web-01,28.96,5.03,137.37
2026-05-22 13:00,srv-web-01,39.75,6.5,129.43
2026-05-22 14:00,srv-web-01,34.93,5.28,121.14
2026-05-22 15:00,srv-web-01,30.94,6.78,117.79
2026-05-22 16:00,srv-web-01,30.05,5.74,126.19
2026-05-22 17:00,srv-web-01,31.62,5.34,123.66
2026-05-22 18:00,srv-web-01,36.47,5.59,112.93
2026-05-22 19:00,srv-web-01,36.39,4.84,98.89
2026-05-22 20:00,srv-web-01,30.69,5.83,124.66
2026-05-22 21:00,srv-web-01,43.85,6.69,117.6
2026-05-22 22:00,srv-web-01,34.89,5.2,119.72
2026-05-22 23:00,srv-web-01,33.27,6.26,107.59
2026-05-23 00:00,srv-web-01,38.12,7.23,118.37
2026-05-23 01:00,srv-web-01,37.41,6.55,113.98
2026-05-23 02:00,srv-web-01,36.34,6.01,121.47
2026-05-23 03:00,srv-web-01,30.36,6.02,
2026-05-23 04:00,srv-web-01,43.71,6.77,152.3
2026-05-23 05:00,srv-web-01,30.4,6.7,122.75
2026-05-23 06:00,srv-web-01,48.14,5.35,107.4
2026-05-23 07:00,srv-web-01,31.4,4.3,112.11
2026-05-23 08:00,srv-web-01,30.45,6.12,125.13
2026-05-23 09:00,srv-web-01,46.26,6.76,111.35
2026-05-23 10:00,srv-web-01,,6.39,100.2
2026-05-23 11:00,srv-web-01,45.99,6.94,112.96
2026-05-23 12:00,srv-web-01,24.72,7.08,118.28
2026-05-23 13:00,srv-web-01,,4.72,111.01
2026-05-23 14:00,srv-web-01,35.03,6.04,113.25
2026-05-23 15:00,srv-web-01,38.74,5.15,117.86
2026-05-23 16:00,srv-web-01,35.72,6.41,130.67
2026-05-23 17:00,srv-web-01,28.25,4.77,139.17
2026-05-23 18:00,srv-web-01,36.99,5.4,143.27
2026-05-23 19:00,srv-web-01,35.69,6.94,121.01
2026-05-23 20:00,srv-web-01,47.36,7.4,116.27
2026-05-23 21:00,srv-web-01,40.83,6.52,140.53
2026-05-23 22:00,srv-web-01,29.21,6.55,135.88
2026-05-23 23:00,srv-web-01,24.45,5.05,89.41
2026-05-24 00:00,srv-web-01,33.38,6.57,142.54
2026-05-24 01:00,srv-web-01,35.44,7.3,99.3
2026-05-24 02:00,srv-web-01,24.78,5.96,125.76
2026-05-24 03:00,srv-web-01,34.8,4.35,118.66
2026-05-24 04:00,srv-web-01,27.17,6.54,125.5
2026-05-24 05:00,srv-web-01,29.36,5.59,104.11
2026-05-24 06:00,srv-web-01,34.62,6.76,105.21
2026-05-24 07:00,srv-web-01,38.02,5.58,108.11
2026-05-24 08:00,srv-web-01,34.36,5.17,111.7
2026-05-24 09:00,srv-web-01,27.81,7.57,120.53
2026-05-24 10:00,srv-web-01,30.8,6.17,118.32
2026-05-24 11:00,srv-web-01,33.67,6.49,131.36
2026-05-24 12:00,srv-web-01,31.82,5.54,115.87
2026-05-24 13:00,srv-web-01,21.19,4.79,140.5
2026-05-24 14:00,srv-web-01,44.87,,128.65
2026-05-24 15:00,srv-web-01,36.87,8.46,136.79
2026-05-24 16:00,srv-web-01,34.23,5.24,95.9
2026-05-24 17:00,srv-web-01,36.22,5.39,98.67
2026-05-24 18:00,srv-web-01,31.12,5.13,145.31
2026-05-24 19:00,srv-web-01,40.29,5.99,142.2
2026-05-24 20:00,srv-web-01,35.46,5.31,142.85
2026-05-24 21:00,srv-web-01,38.23,5.17,117.14
2026-05-24 22:00,srv-web-01,29.75,4.89,133.89
2026-05-24 23:00,srv-web-01,46.46,4.88,128.44
2026-05-25 00:00,srv-web-01,31.1,5.61,111.11
2026-05-25 01:00,srv-web-01,29.82,6.04,107.54
2026-05-25 02:00,srv-web-01,36.62,5.96,116.42
2026-05-25 03:00,srv-web-01,29.55,5.54,131.33
2026-05-25 04:00,srv-web-01,38.01,5.22,121.49
2026-05-25 05:00,srv-web-01,39.51,4.66,128.15
2026-05-25 06:00,srv-web-01,31.02,6.46,108.55
2026-05-25 07:00,srv-web-01,24.17,4.7,120.72
2026-05-25 08:00,srv-web-01,36.56,5.28,129.58
2026-05-25 09:00,srv-web-01,25.03,5.95,101.83
2026-05-25 10:00,srv-web-01,31.09,6.04,107.09
2026-05-25 11:00,srv-web-01,32.69,6.81,111.35
2026-05-25 12:00,srv-web-01,40.01,5.1,127.95
2026-05-25 13:00,srv-web-01,43.65,4.02,108.05
2026-05-25 14:00,srv-web-01,38.46,5.84,125.57
2026-05-25 15:00,srv-web-01,31.38,6.07,117.66
2026-05-25 16:00,srv-web-01,42.01,6.2,125.06
2026-05-25 17:00,srv-web-01,32.53,5.61,113.51
2026-05-25 18:00,srv-web-01,37.37,5.66,124.35
2026-05-25 19:00,srv-web-01,47.45,6.7,115.11
2026-05-25 20:00,srv-web-01,42.21,5.67,89.43
2026-05-25 21:00,srv-web-01,28.95,4.5,114.73
2026-05-25 22:00,srv-web-01,35.11,7.34,124.9
2026-05-25 23:00,srv-web-01,33.69,6.66,86.83
2026-05-26 00:00,srv-web-01,36.41,6.62,97.82
2026-05-26 01:00,srv-web-01,41.86,6.27,113.77
2026-05-26 02:00,srv-web-01,38.8,7.82,122.73
2026-05-26 03:00,srv-web-01,36.49,5.63,107.25
2026-05-26 04:00,srv-web-01,39.98,5.32,121.07
2026-05-26 05:00,srv-web-01,32.13,6.38,125.0
2026-05-26 06:00,srv-web-01,41.23,5.59,115.95
2026-05-26 07:00,srv-web-01,29.13,5.64,125.66
2026-05-26 08:00,srv-web-01,39.54,5.26,133.04
2026-05-26 09:00,srv-web-01,43.13,6.33,148.15
2026-05-26 10:00,srv-web-01,30.36,5.0,93.32
2026-05-26 11:00,srv-web-01,43.98,6.52,119.17
2026-05-26 12:00,srv-web-01,36.68,5.1,156.69
2026-05-26 13:00,srv-web-01,35.78,6.09,130.89
2026-05-26 14:00,srv-web-01,37.89,6.18,108.14
2026-05-26 15:00,srv-web-01,37.83,7.51,140.18
2026-05-26 16:00,srv-web-01,44.56,5.59,105.16
2026-05-26 17:00,srv-web-01,34.25,6.04,136.41
2026-05-26 18:00,srv-web-01,24.85,7.22,117.63
2026-05-26 19:00,srv-web-01,32.44,5.19,95.18
2026-05-26 20:00,srv-web-01,39.94,6.06,100.65
2026-05-26 21:00,srv-web-01,27.23,5.73,145.04
2026-05-26 22:00,srv-web-01,33.44,4.8,116.31
2026-05-26 23:00,srv-web-01,33.36,3.84,119.19
2026-05-27 00:00,srv-web-01,33.61,6.56,147.73
2026-05-27 01:00,srv-web-01,41.76,5.78,103.4
2026-05-27 02:00,srv-web-01,50.44,6.05,120.21
2026-05-27 03:00,srv-web-01,34.86,6.16,117.83
2026-05-27 04:00,srv-web-01,31.56,5.56,119.51
2026-05-27 05:00,srv-web-01,31.74,5.43,121.6
2026-05-27 06:00,srv-web-01,33.47,7.2,80.24
2026-05-27 07:00,srv-web-01,41.55,7.0,88.9
2026-05-27 08:00,srv-web-01,32.94,5.7,98.89
2026-05-27 09:00,srv-web-01,30.33,5.11,146.28
2026-05-27 10:00,srv-web-01,40.61,7.02,130.83
2026-05-27 11:00,srv-web-01,28.23,5.58,127.34
2026-05-27 12:00,srv-web-01,27.67,6.57,116.4
2026-05-27 13:00,srv-web-01,32.75,6.57,126.66
2026-05-27 14:00,srv-web-01,32.83,6.93,103.78
2026-05-27 15:00,srv-web-01,38.7,6.47,115.36
2026-05-27 16:00,srv-web-01,36.96,5.0,133.86
2026-05-27 17:00,srv-web-01,33.89,5.58,135.74
2026-05-27 18:00,srv-web-01,30.77,4.87,96.65
2026-05-27 19:00,srv-web-01,38.64,4.98,146.32
2026-05-27 20:00,srv-web-01,22.51,7.36,123.17
2026-05-27 21:00,srv-web-01,34.42,5.56,125.99
2026-05-27 22:00,srv-web-01,34.77,6.88,121.71
2026-05-27 23:00,srv-web-01,35.9,5.71,119.15
2026-05-28 00:00,srv-web-01,36.85,4.63,99.78
2026-05-28 01:00,srv-web-01,39.46,6.14,117.24
2026-05-28 02:00,srv-web-01,35.11,6.28,111.9
2026-05-28 03:00,srv-web-01,30.33,6.16,105.32
2026-05-28 04:00,srv-web-01,37.45,4.64,135.44
2026-05-28 05:00,srv-web-01,37.84,6.2,134.74
2026-05-28 06:00,srv-web-01,44.99,6.81,92.39
2026-05-28 07:00,srv-web-01,27.32,5.5,120.39
2026-05-28 08:00,srv-web-01,38.11,5.42,122.8
2026-05-28 09:00,srv-web-01,30.47,5.51,98.9
2026-05-28 10:00,srv-web-01,29.46,4.92,105.36
2026-05-28 11:00,srv-web-01,41.32,5.24,159.49
2026-05-28 12:00,srv-web-01,37.96,6.15,107.12
2026-05-28 13:00,srv-web-01,39.2,5.54,121.83
2026-05-28 14:00,srv-web-01,50.36,5.92,137.24
2026-05-28 15:00,srv-web-01,30.78,5.97,146.56
2026-05-28 16:00,srv-web-01,31.24,7.45,
2026-05-28 17:00,srv-web-01,31.63,6.51,134.59
2026-05-28 18:00,srv-web-01,38.73,4.74,109.09
2026-05-28 19:00,srv-web-01,33.51,5.94,129.31
2026-05-28 20:00,srv-web-01,36.07,4.93,125.7
2026-05-28 21:00,srv-web-01,38.66,6.45,136.21
2026-05-28 22:00,srv-web-01,40.0,6.37,118.95
2026-05-28 23:00,srv-web-01,25.03,6.34,123.12
2026-05-29 00:00,srv-web-01,36.63,4.98,103.78
2026-05-29 01:00,srv-web-01,41.32,5.97,130.22
2026-05-29 02:00,srv-web-01,35.17,6.02,134.07
2026-05-29 03:00,srv-web-01,31.9,6.08,113.07
2026-05-29 04:00,srv-web-01,32.39,5.75,123.33
2026-05-29 05:00,srv-web-01,32.13,7.0,106.58
2026-05-29 06:00,srv-web-01,33.88,5.65,141.7
2026-05-29 07:00,srv-web-01,36.18,6.83,97.72
2026-05-29 08:00,srv-web-01,36.6,6.71,121.23
2026-05-29 09:00,srv-web-01,41.39,5.59,141.14
2026-05-29 10:00,srv-web-01,48.79,5.71,113.32
2026-05-29 11:00,srv-web-01,43.72,7.26,112.16
2026-05-29 12:00,srv-web-01,32.48,5.77,99.83
2026-05-29 13:00,srv-web-01,29.49,5.2,108.48
2026-05-29 14:00,srv-web-01,34.79,6.19,143.26
2026-05-29 15:00,srv-web-01,29.01,6.79,116.79
2026-05-29 16:00,srv-web-01,34.7,6.54,103.16
2026-05-29 17:00,srv-web-01,37.29,6.13,127.39
2026-05-29 18:00,srv-web-01,36.74,7.96,110.43
2026-05-29 19:00,srv-web-01,31.81,5.5,111.67
2026-05-29 20:00,srv-web-01,31.18,6.95,141.31
2026-05-29 21:00,srv-web-01,31.58,5.33,127.07
2026-05-29 22:00,srv-web-01,31.69,6.51,123.04
2026-05-29 23:00,srv-web-01,25.91,7.24,146.94
2026-05-30 00:00,srv-web-01,31.32,5.69,124.29
2026-05-30 01:00,srv-web-01,37.01,6.53,150.15
2026-05-30 02:00,srv-web-01,33.94,5.36,99.31
2026-05-30 03:00,srv-web-01,,5.97,146.92
2026-05-30 04:00,srv-web-01,31.89,6.18,119.75
2026-05-30 05:00,srv-web-01,42.13,8.02,112.04
2026-05-30 06:00,srv-web-01,32.06,6.84,130.23
2026-05-30 07:00,srv-web-01,46.08,6.47,114.61
2026-05-30 08:00,srv-web-01,38.54,6.89,132.31
2026-05-30 09:00,srv-web-01,38.04,6.85,137.54
2026-05-30 10:00,srv-web-01,43.29,6.52,117.49
2026-05-30 11:00,srv-web-01,35.88,6.97,107.75
2026-05-30 12:00,srv-web-01,37.21,5.69,120.43
2026-05-30 13:00,srv-web-01,42.67,6.15,120.7
2026-05-30 14:00,srv-web-01,26.84,6.6,129.68
2026-05-30 15:00,srv-web-01,47.98,5.75,123.29
2026-05-30 16:00,srv-web-01,36.5,7.26,118.57
2026-05-30 17:00,srv-web-01,36.67,6.49,122.8
2026-05-30 18:00,srv-web-01,32.32,6.16,136.1
2026-05-30 19:00,srv-web-01,28.84,6.11,109.5
2026-05-30 20:00,srv-web-01,42.17,4.78,111.62
2026-05-30 21:00,srv-web-01,37.26,7.25,119.01
2026-05-30 22:00,srv-web-01,31.67,7.5,98.28
2026-05-30 23:00,srv-web-01,21.81,6.35,112.47
2026-05-31 00:00,srv-web-01,28.87,6.57,123.66
2026-05-31 01:00,srv-web-01,31.62,4.98,133.09
2026-05-31 02:00,srv-web-01,38.9,5.92,147.7
2026-05-31 03:00,srv-web-01,28.58,4.78,109.62
2026-05-31 04:00,srv-web-01,34.73,6.19,116.38
2026-05-31 05:00,srv-web-01,37.11,5.0,141.66
2026-05-31 06:00,srv-web-01,34.51,6.89,125.14
2026-05-31 07:00,srv-web-01,37.74,6.46,126.72
2026-05-31 08:00,srv-web-01,38.86,7.06,122.95
2026-05-31 09:00,srv-web-01,39.25,5.93,141.6
2026-05-31 10:00,srv-web-01,30.94,7.44,119.4
2026-05-31 11:00,srv-web-01,26.42,6.1,109.78
2026-05-31 12:00,srv-web-01,40.04,5.48,
2026-05-31 13:00,srv-web-01,23.66,5.64,83.64
2026-05-31 14:00,srv-web-01,25.5,6.61,131.79
2026-05-31 15:00,srv-web-01,37.55,5.23,119.28
2026-05-31 16:00,srv-web-01,34.98,5.07,142.55
2026-05-31 17:00,srv-web-01,40.26,5.82,120.4
2026-05-31 18:00,srv-web-01,36.25,4.37,116.29
2026-05-31 19:00,srv-web-01,30.91,5.2,115.78
2026-05-31 20:00,srv-web-01,45.79,-6.51,111.43
2026-05-31 21:00,srv-web-01,38.44,7.12,133.87
2026-05-31 22:00,srv-web-01,35.36,5.48,130.47
2026-05-31 23:00,srv-web-01,37.36,6.72,129.53
2026-06-01 00:00,srv-web-01,41.3,5.57,139.76
2026-06-01 01:00,srv-web-01,36.19,7.66,109.66
2026-06-01 02:00,srv-web-01,45.42,6.16,110.23
2026-06-01 03:00,srv-web-01,32.1,5.74,126.36
2026-06-01 04:00,srv-web-01,38.14,5.54,119.63
2026-06-01 05:00,srv-web-01,47.85,7.38,126.54
2026-06-01 06:00,srv-web-01,35.23,6.1,129.2
2026-06-01 07:00,srv-web-01,28.86,5.79,94.97
2026-06-01 08:00,srv-web-01,37.4,6.52,112.75
2026-06-01 09:00,srv-web-01,44.44,5.02,98.03
2026-06-01 10:00,srv-web-01,36.35,6.84,
2026-06-01 11:00,srv-web-01,32.25,6.86,119.42
2026-06-01 12:00,srv-web-01,33.96,6.71,129.78
2026-06-01 13:00,srv-web-01,25.54,7.18,140.7
2026-06-01 14:00,srv-web-01,31.25,6.32,127.41
2026-06-01 15:00,srv-web-01,36.56,5.56,109.93
2026-06-01 16:00,srv-web-01,34.85,6.94,128.15
2026-06-01 17:00,srv-web-01,32.78,6.62,77.27
2026-06-01 18:00,srv-web-01,41.89,4.61,114.56
2026-06-01 19:00,srv-web-01,28.28,4.96,137.41
2026-06-01 20:00,srv-web-01,32.19,6.28,119.3
2026-06-01 21:00,srv-web-01,37.86,6.06,100.76
2026-06-01 22:00,srv-web-01,40.98,5.6,96.65
2026-06-01 23:00,srv-web-01,32.43,7.2,132.75
2026-06-02 00:00,srv-web-01,32.91,5.72,115.18
2026-06-02 01:00,srv-web-01,47.46,6.31,126.45
2026-06-02 02:00,srv-web-01,41.18,6.19,116.11
2026-06-02 03:00,srv-web-01,33.82,5.94,119.44
2026-06-02 04:00,srv-web-01,39.37,6.04,130.99
2026-06-02 05:00,srv-web-01,34.52,6.06,90.03
2026-06-02 06:00,srv-web-01,40.5,6.28,134.97
2026-06-02 07:00,srv-web-01,17.62,7.67,117.91
2026-06-02 08:00,srv-web-01,41.65,5.17,129.19
2026-06-02 09:00,srv-web-01,28.68,5.5,148.71
2026-06-02 10:00,srv-web-01,33.86,6.17,133.05
2026-06-02 11:00,srv-web-01,37.97,6.12,125.47
2026-06-02 12:00,srv-web-01,49.42,5.95,123.02
2026-06-02 13:00,srv-web-01,41.3,6.88,137.81
2026-06-02 14:00,srv-web-01,38.83,5.09,144.5
2026-06-02 15:00,srv-web-01,28.12,6.24,108.69
2026-06-02 16:00,srv-web-01,34.62,6.26,124.82
2026-06-02 17:00,srv-web-01,37.53,7.29,126.8
2026-06-02 18:00,srv-web-01,33.54,6.77,137.84
2026-06-02 19:00,srv-web-01,27.63,6.48,130.52
2026-06-02 20:00,srv-web-01,33.21,7.1,117.75
2026-06-02 21:00,srv-web-01,35.75,5.86,120.23
2026-06-02 22:00,srv-web-01,28.42,4.85,143.92
2026-06-02 23:00,srv-web-01,29.92,5.21,87.7
2026-06-03 00:00,srv-web-01,31.17,4.94,144.63
2026-06-03 01:00,srv-web-01,41.06,5.45,153.79
2026-06-03 02:00,srv-web-01,40.89,5.74,82.51
2026-06-03 03:00,srv-web-01,48.75,4.89,
2026-06-03 04:00,srv-web-01,41.14,7.95,140.76
2026-06-03 05:00,srv-web-01,38.38,6.48,132.8
2026-06-03 06:00,srv-web-01,39.55,6.22,121.56
2026-06-03 07:00,srv-web-01,34.62,5.4,115.79
2026-06-03 08:00,srv-web-01,24.84,5.92,105.17
2026-06-03 09:00,srv-web-01,28.38,6.14,140.88
2026-06-03 10:00,srv-web-01,40.51,4.74,105.16
2026-06-03 11:00,srv-web-01,40.64,5.21,116.63
2026-06-03 12:00,srv-web-01,38.3,5.23,121.58
2026-06-03 13:00,srv-web-01,27.0,5.52,124.8
2026-06-03 14:00,srv-web-01,25.44,6.35,119.71
2026-06-03 15:00,srv-web-01,38.31,6.18,140.46
2026-06-03 16:00,srv-web-01,35.75,5.66,121.83
2026-06-03 17:00,srv-web-01,38.26,6.04,120.61
2026-06-03 18:00,srv-web-01,30.79,5.47,98.96
2026-06-03 19:00,srv-web-01,45.5,5.0,109.61
2026-06-03 20:00,srv-web-01,30.69,6.72,115.58
2026-06-03 21:00,srv-web-01,42.49,5.46,124.18
2026-06-03 22:00,srv-web-01,29.99,7.72,102.19
2026-06-03 23:00,srv-web-01,36.86,6.51,126.21
2026-06-04 00:00,srv-web-01,33.89,5.9,120.66
2026-06-04 01:00,srv-web-01,34.12,6.77,153.16
2026-06-04 02:00,srv-web-01,31.66,4.9,118.68
2026-06-04 03:00,srv-web-01,50.48,5.36,144.59
2026-06-04 04:00,srv-web-01,45.07,5.56,128.53
2026-06-04 05:00,srv-web-01,44.77,5.7,116.95
2026-06-04 06:00,srv-web-01,31.51,5.19,110.26
2026-06-04 07:00,srv-web-01,27.66,6.03,108.45
2026-06-04 08:00,srv-web-01,36.4,4.76,124.96
2026-06-04 09:00,srv-web-01,40.0,4.41,125.61
2026-06-04 10:00,srv-web-01,42.37,5.03,145.09
2026-06-04 11:00,srv-web-01,37.51,5.44,119.16
2026-06-04 12:00,srv-web-01,38.35,6.06,128.08
2026-06-04 13:00,srv-web-01,29.48,6.14,98.79
2026-06-04 14:00,srv-web-01,34.33,5.28,108.97
2026-06-04 15:00,srv-web-01,42.42,6.87,129.14
2026-06-04 16:00,srv-web-01,28.45,5.75,138.2
2026-06-04 17:00,srv-web-01,35.85,7.86,125.9
2026-06-04 18:00,srv-web-01,36.15,5.75,122.0
2026-06-04 19:00,srv-web-01,34.09,6.57,134.35
2026-06-04 20:00,srv-web-01,30.28,4.94,92.46
2026-06-04 21:00,srv-web-01,38.05,5.12,87.71
2026-06-04 22:00,srv-web-01,37.33,7.99,119.91
2026-06-04 23:00,srv-web-01,40.03,6.07,118.52
2026-06-05 00:00,srv-web-01,40.51,5.77,124.01
2026-06-05 01:00,srv-web-01,36.93,,134.88
2026-06-05 02:00,srv-web-01,33.95,5.4,128.05
2026-06-05 03:00,srv-web-01,29.61,6.02,119.86
2026-06-05 04:00,srv-web-01,41.52,6.38,119.62
2026-06-05 05:00,srv-web-01,39.91,7.11,128.37
2026-06-05 06:00,srv-web-01,35.06,4.95,104.02
2026-06-05 07:00,srv-web-01,33.17,5.51,117.2
2026-06-05 08:00,srv-web-01,35.34,6.42,118.94
2026-06-05 09:00,srv-web-01,37.92,6.05,90.37
2026-06-05 10:00,srv-web-01,29.36,5.88,101.85
2026-06-05 11:00,srv-web-01,38.6,7.22,138.28
2026-06-05 12:00,srv-web-01,33.72,7.19,122.23
2026-06-05 13:00,srv-web-01,32.98,5.51,115.46
2026-06-05 14:00,srv-web-01,32.67,6.14,122.41
2026-06-05 15:00,srv-web-01,35.02,6.35,137.86
2026-06-05 16:00,srv-web-01,40.7,4.81,81.69
2026-06-05 17:00,srv-web-01,40.61,4.91,116.63
2026-06-05 18:00,srv-web-01,27.98,4.56,128.12
2026-06-05 19:00,srv-web-01,39.55,5.54,81.13
2026-06-05 20:00,srv-web-01,31.72,6.31,97.82
2026-06-05 21:00,srv-web-01,36.1,5.99,128.69
2026-06-05 22:00,srv-web-01,35.72,5.22,137.95
2026-06-05 23:00,srv-web-01,34.05,5.98,106.0
2026-06-06 00:00,srv-web-01,32.34,5.29,117.41
2026-06-06 01:00,srv-web-01,45.27,4.9,95.8
2026-06-06 02:00,srv-web-01,43.83,5.83,109.96
2026-06-06 03:00,srv-web-01,41.24,5.52,147.39
2026-06-06 04:00,srv-web-01,39.07,5.61,152.36
2026-06-06 05:00,srv-web-01,31.37,6.59,124.49
2026-06-06 06:00,srv-web-01,42.81,7.25,120.48
2026-06-06 07:00,srv-web-01,30.48,6.37,109.83
2026-06-06 08:00,srv-web-01,47.08,6.11,114.52
2026-06-06 09:00,srv-web-01,36.11,4.92,105.43
2026-06-06 10:00,srv-web-01,42.2,5.47,104.3
2026-06-06 11:00,srv-web-01,38.22,6.95,130.78
2026-06-06 12:00,srv-web-01,40.98,5.39,98.67
2026-06-06 13:00,srv-web-01,44.01,5.74,116.24
2026-06-06 14:00,srv-web-01,42.97,6.44,126.84
2026-06-06 15:00,srv-web-01,47.99,5.49,133.92
2026-06-06 16:00,srv-web-01,35.34,6.21,142.93
2026-06-06 17:00,srv-web-01,38.05,6.43,136.09
2026-06-06 18:00,srv-web-01,32.81,5.33,104.33
2026-06-06 19:00,srv-web-01,23.2,7.64,103.45
2026-06-06 20:00,srv-web-01,33.67,5.78,124.61
2026-06-06 21:00,srv-web-01,39.89,6.69,111.25
2026-06-06 22:00,srv-web-01,,6.23,116.27
2026-06-06 23:00,srv-web-01,44.64,6.39,131.02
2026-06-07 00:00,srv-web-01,38.98,6.94,122.72
2026-06-07 01:00,srv-web-01,27.22,6.32,110.23
2026-06-07 02:00,srv-web-01,31.83,6.47,138.57
2026-06-07 03:00,srv-web-01,35.13,6.25,145.53
2026-06-07 04:00,srv-web-01,36.44,8.08,128.48
2026-06-07 05:00,srv-web-01,24.44,6.6,125.72
2026-06-07 06:00,srv-web-01,42.74,6.54,117.92
2026-06-07 07:00,srv-web-01,27.65,5.83,107.24
2026-06-07 08:00,srv-web-01,31.52,6.47,145.05
2026-06-07 09:00,srv-web-01,37.37,5.04,126.67
2026-06-07 10:00,srv-web-01,42.18,5.51,117.99
2026-06-07 11:00,srv-web-01,35.09,5.37,129.72
2026-06-07 12:00,srv-web-01,34.27,6.34,106.69
2026-06-07 13:00,srv-web-01,32.38,6.58,114.41
2026-06-07 14:00,srv-web-01,45.36,5.68,123.37
2026-06-07 15:00,srv-web-01,40.6,4.87,93.59
2026-06-07 16:00,srv-web-01,25.85,7.01,111.72
2026-06-07 17:00,srv-web-01,50.35,5.55,122.77
2026-06-07 18:00,srv-web-01,44.25,7.6,150.92
2026-06-07 19:00,srv-web-01,42.25,6.82,128.89
2026-06-07 20:00,srv-web-01,39.67,5.56,107.73
2026-06-07 21:00,srv-web-01,34.98,5.86,113.2
2026-06-07 22:00,srv-web-01,39.18,6.76,121.33
2026-06-07 23:00,srv-web-01,43.87,5.09,117.1
2026-05-18 00:00,srv-web-02,27.7,4.01,108.76
2026-05-18 01:00,srv-web-02,31.27,6.71,119.46
2026-05-18 02:00,srv-web-02,25.85,6.98,128.32
2026-05-18 03:00,srv-web-02,35.49,5.32,95.61
2026-05-18 04:00,srv-web-02,29.77,6.37,138.27
2026-05-18 05:00,srv-web-02,41.26,5.11,93.21
2026-05-18 06:00,srv-web-02,32.85,4.09,114.85
2026-05-18 07:00,srv-web-02,31.11,5.13,86.08
2026-05-18 08:00,srv-web-02,35.08,5.07,92.45
2026-05-18 09:00,srv-web-02,14.77,5.48,136.58
2026-05-18 10:00,srv-web-02,41.97,5.13,100.97
2026-05-18 11:00,srv-web-02,34.81,4.7,114.53
2026-05-18 12:00,srv-web-02,36.6,6.48,108.5
2026-05-18 13:00,srv-web-02,30.78,4.8,97.6
2026-05-18 14:00,srv-web-02,30.64,5.79,123.7
2026-05-18 15:00,srv-web-02,27.18,6.69,105.93
2026-05-18 16:00,srv-web-02,31.87,4.9,73.64
2026-05-18 17:00,srv-web-02,37.3,6.09,105.78
2026-05-18 18:00,srv-web-02,32.4,5.91,86.56
2026-05-18 19:00,srv-web-02,28.83,6.14,91.19
2026-05-18 20:00,srv-web-02,33.76,4.41,117.0
2026-05-18 21:00,srv-web-02,31.79,4.21,127.47
2026-05-18 22:00,srv-web-02,27.59,4.85,113.01
2026-05-18 23:00,srv-web-02,38.89,4.69,110.93
2026-05-19 00:00,srv-web-02,34.57,6.05,112.65
2026-05-19 01:00,srv-web-02,29.8,4.84,111.29
2026-05-19 02:00,srv-web-02,25.57,3.16,116.55
2026-05-19 03:00,srv-web-02,37.42,3.61,94.85
2026-05-19 04:00,srv-web-02,35.71,7.15,110.31
2026-05-19 05:00,srv-web-02,27.63,5.35,130.62
2026-05-19 06:00,srv-web-02,28.12,4.86,102.76
2026-05-19 07:00,srv-web-02,26.28,5.6,134.37
2026-05-19 08:00,srv-web-02,33.94,5.3,105.62
2026-05-19 09:00,srv-web-02,22.62,6.21,108.83
2026-05-19 10:00,srv-web-02,30.92,8.05,114.48
2026-05-19 11:00,srv-web-02,27.49,5.16,127.23
2026-05-19 12:00,srv-web-02,32.68,4.35,123.79
2026-05-19 13:00,srv-web-02,27.99,7.0,126.2
2026-05-19 14:00,srv-web-02,29.32,6.52,111.02
2026-05-19 15:00,srv-web-02,37.12,5.89,97.3
2026-05-19 16:00,srv-web-02,28.14,6.32,104.98
2026-05-19 17:00,srv-web-02,29.58,4.74,116.35
2026-05-19 18:00,srv-web-02,44.38,4.65,110.36
2026-05-19 19:00,srv-web-02,40.47,5.44,116.79
2026-05-19 20:00,srv-web-02,25.63,5.84,107.19
2026-05-19 21:00,srv-web-02,37.91,6.45,148.84
2026-05-19 22:00,srv-web-02,35.48,5.76,112.92
2026-05-19 23:00,srv-web-02,29.88,5.77,105.57
2026-05-20 00:00,srv-web-02,33.01,6.55,94.9
2026-05-20 01:00,srv-web-02,38.84,6.55,108.23
2026-05-20 02:00,srv-web-02,19.27,5.01,129.45
2026-05-20 03:00,srv-web-02,31.86,4.7,102.43
2026-05-20 04:00,srv-web-02,37.04,5.94,106.42
2026-05-20 05:00,srv-web-02,29.8,5.19,96.16
2026-05-20 06:00,srv-web-02,41.69,5.24,128.26
2026-05-20 07:00,srv-web-02,41.13,6.3,103.53
2026-05-20 08:00,srv-web-02,34.42,5.48,96.44
2026-05-20 09:00,srv-web-02,33.95,4.56,127.82
2026-05-20 10:00,srv-web-02,29.21,5.66,114.25
2026-05-20 11:00,srv-web-02,30.45,5.97,102.88
2026-05-20 12:00,srv-web-02,37.23,4.42,111.9
2026-05-20 13:00,srv-web-02,43.63,4.7,99.83
2026-05-20 14:00,srv-web-02,35.08,5.64,115.26
2026-05-20 15:00,srv-web-02,34.94,6.01,126.65
2026-05-20 16:00,srv-web-02,34.46,5.31,120.09
2026-05-20 17:00,srv-web-02,43.4,5.39,95.38
2026-05-20 18:00,srv-web-02,38.64,5.4,77.41
2026-05-20 19:00,srv-web-02,37.08,5.07,108.64
2026-05-20 20:00,srv-web-02,33.99,5.65,120.64
2026-05-20 21:00,srv-web-02,29.39,5.91,106.11
2026-05-20 22:00,srv-web-02,36.43,5.99,95.97
2026-05-20 23:00,srv-web-02,38.52,5.07,122.12
2026-05-21 00:00,srv-web-02,34.2,6.97,106.65
2026-05-21 01:00,srv-web-02,29.9,5.48,105.45
2026-05-21 02:00,srv-web-02,36.8,4.21,94.19
2026-05-21 03:00,srv-web-02,25.59,6.26,135.66
2026-05-21 04:00,srv-web-02,31.37,5.36,111.05
2026-05-21 05:00,srv-web-02,38.97,4.76,113.58
2026-05-21 06:00,srv-web-02,37.85,5.9,112.84
2026-05-21 07:00,srv-web-02,38.01,3.34,120.17
2026-05-21 08:00,srv-web-02,28.08,4.04,117.67
2026-05-21 09:00,srv-web-02,40.24,5.39,124.29
2026-05-21 10:00,srv-web-02,41.67,6.55,134.6
2026-05-21 11:00,srv-web-02,36.45,5.56,85.97
2026-05-21 12:00,srv-web-02,30.52,4.83,142.56
2026-05-21 13:00,srv-web-02,160.94,5.6,118.27
2026-05-21 14:00,srv-web-02,32.26,6.86,100.66
2026-05-21 15:00,srv-web-02,33.17,4.91,90.2
2026-05-21 16:00,srv-web-02,28.33,5.47,103.56
2026-05-21 17:00,srv-web-02,27.85,4.37,108.75
2026-05-21 18:00,srv-web-02,22.97,6.11,111.24
2026-05-21 19:00,srv-web-02,23.25,5.25,98.72
2026-05-21 20:00,srv-web-02,33.92,6.57,81.87
2026-05-21 21:00,srv-web-02,32.69,5.37,120.07
2026-05-21 22:00,srv-web-02,33.28,4.9,105.21
2026-05-21 23:00,srv-web-02,27.22,6.36,110.32
2026-05-22 00:00,srv-web-02,43.41,5.45,99.37
2026-05-22 01:00,srv-web-02,22.92,4.06,86.24
2026-05-22 02:00,srv-web-02,33.6,5.91,86.28
2026-05-22 03:00,srv-web-02,37.37,5.11,112.2
2026-05-22 04:00,srv-web-02,41.67,6.22,105.97
2026-05-22 05:00,srv-web-02,26.65,3.78,99.21
2026-05-22 06:00,srv-web-02,30.73,4.71,108.03
2026-05-22 07:00,srv-web-02,32.46,5.32,100.25
2026-05-22 08:00,srv-web-02,33.01,5.85,93.64
2026-05-22 09:00,srv-web-02,40.47,5.42,110.28
2026-05-22 10:00,srv-web-02,36.25,5.69,124.3
2026-05-22 11:00,srv-web-02,33.72,5.01,115.42
2026-05-22 12:00,srv-web-02,25.14,5.59,109.5
2026-05-22 13:00,srv-web-02,30.75,5.4,81.77
2026-05-22 14:00,srv-web-02,28.71,5.57,112.4
2026-05-22 15:00,srv-web-02,25.83,6.51,97.01
2026-05-22 16:00,srv-web-02,37.82,5.84,100.31
2026-05-22 17:00,srv-web-02,42.65,4.55,123.79
2026-05-22 18:00,srv-web-02,38.0,4.96,130.89
2026-05-22 19:00,srv-web-02,30.5,5.73,113.9
2026-05-22 20:00,srv-web-02,31.19,6.15,121.9
2026-05-22 21:00,srv-web-02,21.51,6.54,85.06
2026-05-22 22:00,srv-web-02,38.2,6.4,93.64
2026-05-22 23:00,srv-web-02,29.54,4.62,106.78
2026-05-23 00:00,srv-web-02,30.15,6.12,129.65
2026-05-23 01:00,srv-web-02,40.37,5.05,106.86
2026-05-23 02:00,srv-web-02,21.9,4.86,124.47
2026-05-23 03:00,srv-web-02,41.69,4.51,101.11
2026-05-23 04:00,srv-web-02,31.84,5.72,97.86
2026-05-23 05:00,srv-web-02,34.54,5.12,109.78
2026-05-23 06:00,srv-web-02,35.28,5.51,103.45
2026-05-23 07:00,srv-web-02,31.34,5.43,104.45
2026-05-23 08:00,srv-web-02,30.45,6.78,118.41
2026-05-23 09:00,srv-web-02,30.23,6.06,104.99
2026-05-23 10:00,srv-web-02,39.04,5.8,108.39
2026-05-23 11:00,srv-web-02,34.69,4.24,
2026-05-23 12:00,srv-web-02,24.84,5.61,135.99
2026-05-23 13:00,srv-web-02,45.39,6.01,117.51
2026-05-23 14:00,srv-web-02,21.19,5.07,98.18
2026-05-23 15:00,srv-web-02,28.27,5.37,102.92
2026-05-23 16:00,srv-web-02,20.12,6.1,93.91
2026-05-23 17:00,srv-web-02,33.44,7.16,96.21
2026-05-23 18:00,srv-web-02,16.82,5.27,126.51
2026-05-23 19:00,srv-web-02,43.75,4.52,117.45
2026-05-23 20:00,srv-web-02,29.21,5.42,149.67
2026-05-23 21:00,srv-web-02,22.98,5.7,117.02
2026-05-23 22:00,srv-web-02,38.51,5.58,114.62
2026-05-23 23:00,srv-web-02,29.65,5.72,104.85
2026-05-24 00:00,srv-web-02,35.73,5.2,115.66
2026-05-24 01:00,srv-web-02,31.82,,109.23
2026-05-24 02:00,srv-web-02,21.36,6.51,96.41
2026-05-24 03:00,srv-web-02,28.08,5.02,130.62
2026-05-24 04:00,srv-web-02,19.19,8.01,125.84
2026-05-24 05:00,srv-web-02,33.34,5.46,114.28
2026-05-24 06:00,srv-web-02,35.13,6.02,118.33
2026-05-24 07:00,srv-web-02,,5.34,107.73
2026-05-24 08:00,srv-web-02,30.83,6.41,118.9
2026-05-24 09:00,srv-web-02,14.36,6.02,112.92
2026-05-24 10:00,srv-web-02,31.89,5.19,126.86
2026-05-24 11:00,srv-web-02,37.69,4.88,116.11
2026-05-24 12:00,srv-web-02,26.17,4.4,100.6
2026-05-24 13:00,srv-web-02,37.17,6.26,117.7
2026-05-24 14:00,srv-web-02,36.35,,100.38
2026-05-24 15:00,srv-web-02,34.59,6.14,121.31
2026-05-24 16:00,srv-web-02,39.13,6.07,115.27
2026-05-24 17:00,srv-web-02,38.42,5.48,96.77
2026-05-24 18:00,srv-web-02,31.02,4.9,99.87
2026-05-24 19:00,srv-web-02,31.13,4.87,105.38
2026-05-24 20:00,srv-web-02,20.64,5.67,110.02
2026-05-24 21:00,srv-web-02,27.1,6.03,124.06
2026-05-24 22:00,srv-web-02,22.35,,98.46
2026-05-24 23:00,srv-web-02,26.36,6.16,107.09
2026-05-25 00:00,srv-web-02,30.41,3.9,119.53
2026-05-25 01:00,srv-web-02,24.56,5.55,114.16
2026-05-25 02:00,srv-web-02,40.16,4.45,64.71
2026-05-25 03:00,srv-web-02,33.1,6.94,128.58
2026-05-25 04:00,srv-web-02,33.26,5.11,122.11
2026-05-25 05:00,srv-web-02,26.16,5.88,117.58
2026-05-25 06:00,srv-web-02,38.36,7.71,115.89
2026-05-25 07:00,srv-web-02,28.95,5.48,83.46
2026-05-25 08:00,srv-web-02,27.83,5.17,102.14
2026-05-25 09:00,srv-web-02,32.91,4.84,126.82
2026-05-25 10:00,srv-web-02,32.0,5.49,105.08
2026-05-25 11:00,srv-web-02,32.93,6.16,96.99
2026-05-25 12:00,srv-web-02,28.05,5.26,89.81
2026-05-25 13:00,srv-web-02,27.08,5.12,123.12
2026-05-25 14:00,srv-web-02,33.58,5.65,122.76
2026-05-25 15:00,srv-web-02,31.18,5.81,108.45
2026-05-25 16:00,srv-web-02,33.59,5.03,73.42
2026-05-25 17:00,srv-web-02,31.19,6.64,123.89
2026-05-25 18:00,srv-web-02,37.79,6.49,111.33
2026-05-25 19:00,srv-web-02,33.18,5.01,105.26
2026-05-25 20:00,srv-web-02,35.69,6.46,107.91
2026-05-25 21:00,srv-web-02,29.3,5.5,119.02
2026-05-25 22:00,srv-web-02,23.34,3.66,101.74
2026-05-25 23:00,srv-web-02,24.68,5.09,107.78
2026-05-26 00:00,srv-web-02,29.28,6.66,114.9
2026-05-26 01:00,srv-web-02,33.8,6.0,92.92
2026-05-26 02:00,srv-web-02,38.23,5.44,120.06
2026-05-26 03:00,srv-web-02,25.57,4.26,122.27
2026-05-26 04:00,srv-web-02,34.26,4.78,96.96
2026-05-26 05:00,srv-web-02,38.75,4.55,134.64
2026-05-26 06:00,srv-web-02,26.6,6.01,105.07
2026-05-26 07:00,srv-web-02,35.62,5.06,107.56
2026-05-26 08:00,srv-web-02,32.25,4.7,121.11
2026-05-26 09:00,srv-web-02,28.92,5.32,95.08
2026-05-26 10:00,srv-web-02,16.63,5.35,146.19
2026-05-26 11:00,srv-web-02,36.71,5.48,106.06
2026-05-26 12:00,srv-web-02,32.13,5.94,92.29
2026-05-26 13:00,srv-web-02,38.69,6.07,120.77
2026-05-26 14:00,srv-web-02,34.63,5.52,
2026-05-26 15:00,srv-web-02,35.55,5.22,101.4
2026-05-26 16:00,srv-web-02,32.61,6.74,91.41
2026-05-26 17:00,srv-web-02,23.19,5.63,110.76
2026-05-26 18:00,srv-web-02,33.04,5.7,106.65
2026-05-26 19:00,srv-web-02,40.94,4.22,97.57
2026-05-26 20:00,srv-web-02,31.38,4.19,107.36
2026-05-26 21:00,srv-web-02,41.97,5.52,113.46
2026-05-26 22:00,srv-web-02,154.44,5.01,104.37
2026-05-26 23:00,srv-web-02,30.09,6.53,118.37
2026-05-27 00:00,srv-web-02,25.33,5.7,117.47
2026-05-27 01:00,srv-web-02,38.84,6.76,94.77
2026-05-27 02:00,srv-web-02,27.13,4.49,106.49
2026-05-27 03:00,srv-web-02,34.8,6.29,108.86
2026-05-27 04:00,srv-web-02,30.08,5.62,97.47
2026-05-27 05:00,srv-web-02,44.54,4.21,112.77
2026-05-27 06:00,srv-web-02,44.14,5.51,107.15
2026-05-27 07:00,srv-web-02,29.86,5.36,130.59
2026-05-27 08:00,srv-web-02,18.73,6.73,88.64
2026-05-27 09:00,srv-web-02,30.4,5.16,118.83
2026-05-27 10:00,srv-web-02,22.41,5.87,140.36
2026-05-27 11:00,srv-web-02,23.82,5.65,100.07
2026-05-27 12:00,srv-web-02,34.56,5.52,100.38
2026-05-27 13:00,srv-web-02,34.93,6.94,107.14
2026-05-27 14:00,srv-web-02,36.32,4.47,95.65
2026-05-27 15:00,srv-web-02,34.83,6.69,115.33
2026-05-27 16:00,srv-web-02,30.12,5.5,91.24
2026-05-27 17:00,srv-web-02,35.63,6.21,103.22
2026-05-27 18:00,srv-web-02,29.18,5.71,103.45
2026-05-27 19:00,srv-web-02,31.6,7.18,106.29
2026-05-27 20:00,srv-web-02,29.85,4.98,121.16
2026-05-27 21:00,srv-web-02,30.91,4.98,129.82
2026-05-27 22:00,srv-web-02,40.52,5.02,82.0
2026-05-27 23:00,srv-web-02,38.05,4.95,121.86
2026-05-28 00:00,srv-web-02,20.18,6.21,91.83
2026-05-28 01:00,srv-web-02,36.38,5.51,95.69
2026-05-28 02:00,srv-web-02,29.56,6.05,111.59
2026-05-28 03:00,srv-web-02,35.51,7.08,86.54
2026-05-28 04:00,srv-web-02,41.7,5.58,96.52
2026-05-28 05:00,srv-web-02,24.02,5.35,123.82
2026-05-28 06:00,srv-web-02,31.23,6.71,88.23
2026-05-28 07:00,srv-web-02,31.93,4.5,115.45
2026-05-28 08:00,srv-web-02,37.32,5.16,70.94
2026-05-28 09:00,srv-web-02,33.19,5.85,116.06
2026-05-28 10:00,srv-web-02,39.41,4.64,120.2
2026-05-28 11:00,srv-web-02,39.16,4.08,114.79
2026-05-28 12:00,srv-web-02,28.97,5.43,115.22
2026-05-28 13:00,srv-web-02,29.08,4.96,110.51
2026-05-28 14:00,srv-web-02,25.48,4.63,120.19
2026-05-28 15:00,srv-web-02,25.11,6.03,116.94
2026-05-28 16:00,srv-web-02,21.65,4.96,127.91
2026-05-28 17:00,srv-web-02,26.11,5.13,116.93
2026-05-28 18:00,srv-web-02,36.7,5.3,101.04
2026-05-28 19:00,srv-web-02,40.53,6.89,124.68
2026-05-28 20:00,srv-web-02,32.51,4.85,97.54
2026-05-28 21:00,srv-web-02,35.14,5.83,
2026-05-28 22:00,srv-web-02,35.9,4.3,125.78
2026-05-28 23:00,srv-web-02,26.01,5.19,113.75
2026-05-29 00:00,srv-web-02,43.97,7.99,119.1
2026-05-29 01:00,srv-web-02,30.9,5.93,123.31
2026-05-29 02:00,srv-web-02,30.08,6.94,113.45
2026-05-29 03:00,srv-web-02,34.99,6.03,116.32
2026-05-29 04:00,srv-web-02,37.03,5.01,101.63
2026-05-29 05:00,srv-web-02,25.4,5.85,121.68
2026-05-29 06:00,srv-web-02,34.75,6.84,109.92
2026-05-29 07:00,srv-web-02,36.01,4.63,104.19
2026-05-29 08:00,srv-web-02,36.17,6.18,105.59
2026-05-29 09:00,srv-web-02,31.57,4.29,104.64
2026-05-29 10:00,srv-web-02,37.34,5.96,117.51
2026-05-29 11:00,srv-web-02,32.3,5.51,100.1
2026-05-29 12:00,srv-web-02,36.19,5.84,117.38
2026-05-29 13:00,srv-web-02,28.84,3.78,126.46
2026-05-29 14:00,srv-web-02,29.13,4.81,120.4
2026-05-29 15:00,srv-web-02,29.65,6.35,119.26
2026-05-29 16:00,srv-web-02,36.1,4.41,128.18
2026-05-29 17:00,srv-web-02,33.57,5.2,112.15
2026-05-29 18:00,srv-web-02,21.34,5.83,94.56
2026-05-29 19:00,srv-web-02,23.88,4.28,126.69
2026-05-29 20:00,srv-web-02,28.22,6.73,101.96
2026-05-29 21:00,srv-web-02,21.76,4.61,128.54
2026-05-29 22:00,srv-web-02,31.06,5.06,112.4
2026-05-29 23:00,srv-web-02,35.01,6.39,131.73
2026-05-30 00:00,srv-web-02,29.84,4.44,103.8
2026-05-30 01:00,srv-web-02,33.56,4.73,95.64
2026-05-30 02:00,srv-web-02,34.06,5.46,110.49
2026-05-30 03:00,srv-web-02,27.45,5.32,96.14
2026-05-30 04:00,srv-web-02,37.34,6.33,82.31
2026-05-30 05:00,srv-web-02,26.42,4.3,100.25
2026-05-30 06:00,srv-web-02,31.5,4.34,96.17
2026-05-30 07:00,srv-web-02,25.98,5.67,111.04
2026-05-30 08:00,srv-web-02,27.67,5.64,101.8
2026-05-30 09:00,srv-web-02,30.37,6.84,130.11
2026-05-30 10:00,srv-web-02,24.2,6.16,122.17
2026-05-30 11:00,srv-web-02,25.11,6.16,133.07
2026-05-30 12:00,srv-web-02,25.26,4.77,125.26
2026-05-30 13:00,srv-web-02,33.63,5.94,115.11
2026-05-30 14:00,srv-web-02,34.34,4.44,125.71
2026-05-30 15:00,srv-web-02,39.02,5.32,109.35
2026-05-30 16:00,srv-web-02,22.81,5.91,118.58
2026-05-30 17:00,srv-web-02,31.63,6.4,104.99
2026-05-30 18:00,srv-web-02,35.39,-4.68,109.65
2026-05-30 19:00,srv-web-02,30.95,5.68,104.46
2026-05-30 20:00,srv-web-02,31.21,6.16,103.45
2026-05-30 21:00,srv-web-02,22.36,6.9,130.72
2026-05-30 22:00,srv-web-02,24.25,6.05,102.46
2026-05-30 23:00,srv-web-02,33.58,5.74,106.48
2026-05-31 00:00,srv-web-02,27.3,4.95,96.26
2026-05-31 01:00,srv-web-02,27.01,5.45,99.26
2026-05-31 02:00,srv-web-02,36.09,6.69,101.3
2026-05-31 03:00,srv-web-02,33.44,5.9,117.08
2026-05-31 04:00,srv-web-02,32.46,6.09,117.23
2026-05-31 05:00,srv-web-02,24.57,6.2,123.31
2026-05-31 06:00,srv-web-02,27.42,5.53,120.25
2026-05-31 07:00,srv-web-02,30.74,6.36,145.46
2026-05-31 08:00,srv-web-02,27.28,4.4,114.56
2026-05-31 09:00,srv-web-02,36.33,5.32,131.8
2026-05-31 10:00,srv-web-02,23.97,6.05,100.91
2026-05-31 11:00,srv-web-02,42.32,7.09,98.5
2026-05-31 12:00,srv-web-02,28.7,6.19,104.19
2026-05-31 13:00,srv-web-02,31.73,5.52,81.2
2026-05-31 14:00,srv-web-02,31.92,4.95,102.6
2026-05-31 15:00,srv-web-02,40.66,4.49,122.2
2026-05-31 16:00,srv-web-02,30.33,5.28,121.86
2026-05-31 17:00,srv-web-02,34.04,5.96,124.52
2026-05-31 18:00,srv-web-02,30.01,5.01,93.72
2026-05-31 19:00,srv-web-02,27.05,7.86,128.67
2026-05-31 20:00,srv-web-02,23.89,4.44,117.23
2026-05-31 21:00,srv-web-02,35.28,5.94,106.18
2026-05-31 22:00,srv-web-02,31.25,5.76,111.29
2026-05-31 23:00,srv-web-02,18.68,5.32,97.23
2026-06-01 00:00,srv-web-02,33.05,7.89,115.51
2026-06-01 01:00,srv-web-02,30.12,6.24,117.24
2026-06-01 02:00,srv-web-02,34.52,5.99,140.85
2026-06-01 03:00,srv-web-02,25.21,5.88,96.1
2026-06-01 04:00,srv-web-02,35.33,4.77,103.74
2026-06-01 05:00,srv-web-02,30.23,6.28,123.78
2026-06-01 06:00,srv-web-02,24.53,5.54,99.36
2026-06-01 07:00,srv-web-02,24.45,5.33,105.37
2026-06-01 08:00,srv-web-02,46.56,5.85,89.34
2026-06-01 09:00,srv-web-02,28.61,6.32,141.33
2026-06-01 10:00,srv-web-02,22.48,4.0,138.06
2026-06-01 11:00,srv-web-02,34.34,4.81,118.02
2026-06-01 12:00,srv-web-02,16.19,5.5,114.92
2026-06-01 13:00,srv-web-02,37.55,4.69,111.29
2026-06-01 14:00,srv-web-02,26.45,5.7,96.57
2026-06-01 15:00,srv-web-02,29.55,4.7,119.77
2026-06-01 16:00,srv-web-02,37.15,5.31,110.57
2026-06-01 17:00,srv-web-02,23.31,5.26,109.25
2026-06-01 18:00,srv-web-02,47.72,4.61,131.96
2026-06-01 19:00,srv-web-02,37.98,5.72,136.38
2026-06-01 20:00,srv-web-02,34.23,5.81,109.2
2026-06-01 21:00,srv-web-02,39.34,6.38,100.61
2026-06-01 22:00,srv-web-02,24.08,5.34,98.0
2026-06-01 23:00,srv-web-02,31.62,6.49,103.14
2026-06-02 00:00,srv-web-02,31.74,5.55,122.73
2026-06-02 01:00,srv-web-02,18.52,5.01,113.17
2026-06-02 02:00,srv-web-02,39.2,5.11,81.85
2026-06-02 03:00,srv-web-02,35.72,4.99,92.16
2026-06-02 04:00,srv-web-02,28.25,5.35,100.93
2026-06-02 05:00,srv-web-02,18.77,6.22,129.12
2026-06-02 06:00,srv-web-02,35.91,4.59,106.98
2026-06-02 07:00,srv-web-02,31.96,5.98,120.03
2026-06-02 08:00,srv-web-02,27.59,5.57,116.86
2026-06-02 09:00,srv-web-02,40.73,6.06,121.84
2026-06-02 10:00,srv-web-02,32.5,6.63,116.15
2026-06-02 11:00,srv-web-02,26.83,6.62,120.47
2026-06-02 12:00,srv-web-02,29.34,5.12,114.45
2026-06-02 13:00,srv-web-02,34.78,5.66,114.67
2026-06-02 14:00,srv-web-02,42.2,6.36,112.86
2026-06-02 15:00,srv-web-02,37.65,4.67,115.97
2026-06-02 16:00,srv-web-02,42.86,5.33,97.29
2026-06-02 17:00,srv-web-02,28.09,4.63,98.23
2026-06-02 18:00,srv-web-02,29.78,4.38,110.23
2026-06-02 19:00,srv-web-02,37.41,4.77,132.79
2026-06-02 20:00,srv-web-02,35.06,6.32,100.13
2026-06-02 21:00,srv-web-02,37.13,4.63,123.35
2026-06-02 22:00,srv-web-02,33.03,5.94,92.37
2026-06-02 23:00,srv-web-02,26.63,5.98,95.77
2026-06-03 00:00,srv-web-02,34.78,4.41,122.72
2026-06-03 01:00,srv-web-02,24.6,5.94,119.38
2026-06-03 02:00,srv-web-02,27.82,5.97,113.91
2026-06-03 03:00,srv-web-02,28.77,4.69,80.56
2026-06-03 04:00,srv-web-02,34.1,4.25,111.43
2026-06-03 05:00,srv-web-02,30.42,6.04,105.47
2026-06-03 06:00,srv-web-02,30.02,6.09,115.03
2026-06-03 07:00,srv-web-02,33.9,5.88,86.97
2026-06-03 08:00,srv-web-02,36.54,5.99,94.75
2026-06-03 09:00,srv-web-02,30.54,5.47,107.98
2026-06-03 10:00,srv-web-02,34.0,6.65,126.23
2026-06-03 11:00,srv-web-02,24.13,6.0,129.93
2026-06-03 12:00,srv-web-02,34.32,6.37,140.18
2026-06-03 13:00,srv-web-02,38.14,5.7,125.68
2026-06-03 14:00,srv-web-02,32.87,5.52,104.73
2026-06-03 15:00,srv-web-02,41.38,4.85,132.99
2026-06-03 16:00,srv-web-02,35.0,4.38,115.51
2026-06-03 17:00,srv-web-02,19.4,6.0,123.28
2026-06-03 18:00,srv-web-02,28.45,5.6,139.31
2026-06-03 19:00,srv-web-02,28.97,4.65,132.22
2026-06-03 20:00,srv-web-02,43.78,5.5,125.17
2026-06-03 21:00,srv-web-02,40.05,4.91,102.72
2026-06-03 22:00,srv-web-02,39.39,6.85,118.44
2026-06-03 23:00,srv-web-02,26.72,7.09,102.04
2026-06-04 00:00,srv-web-02,29.99,5.77,133.31
2026-06-04 01:00,srv-web-02,37.12,5.83,116.95
2026-06-04 02:00,srv-web-02,32.26,5.95,72.06
2026-06-04 03:00,srv-web-02,30.22,5.69,92.73
2026-06-04 04:00,srv-web-02,34.32,5.34,136.33
2026-06-04 05:00,srv-web-02,41.44,5.13,107.74
2026-06-04 06:00,srv-web-02,31.56,5.14,112.93
2026-06-04 07:00,srv-web-02,27.45,4.6,119.34
2026-06-04 08:00,srv-web-02,35.78,4.86,123.43
2026-06-04 09:00,srv-web-02,28.21,5.7,122.31
2026-06-04 10:00,srv-web-02,31.8,5.86,102.25
2026-06-04 11:00,srv-web-02,30.82,5.34,98.8
2026-06-04 12:00,srv-web-02,30.94,4.26,102.63
2026-06-04 13:00,srv-web-02,30.29,5.3,106.38
2026-06-04 14:00,srv-web-02,31.63,5.88,123.12
2026-06-04 15:00,srv-web-02,28.1,4.54,94.37
2026-06-04 16:00,srv-web-02,29.08,5.22,98.45
2026-06-04 17:00,srv-web-02,24.22,5.14,112.72
2026-06-04 18:00,srv-web-02,35.57,5.05,103.81
2026-06-04 19:00,srv-web-02,26.44,5.47,97.27
2026-06-04 20:00,srv-web-02,35.44,4.07,104.61
2026-06-04 21:00,srv-web-02,33.81,5.65,150.4
2026-06-04 22:00,srv-web-02,34.1,4.7,108.57
2026-06-04 23:00,srv-web-02,21.34,5.44,97.5
2026-06-05 00:00,srv-web-02,37.49,5.06,108.25
2026-06-05 01:00,srv-web-02,28.19,6.89,105.18
2026-06-05 02:00,srv-web-02,43.0,6.15,117.23
2026-06-05 03:00,srv-web-02,34.21,5.82,81.08
2026-06-05 04:00,srv-web-02,30.33,6.18,109.27
2026-06-05 05:00,srv-web-02,23.57,5.46,135.56
2026-06-05 06:00,srv-web-02,39.48,5.45,124.27
2026-06-05 07:00,srv-web-02,29.8,4.14,96.13
2026-06-05 08:00,srv-web-02,41.38,5.28,106.35
2026-06-05 09:00,srv-web-02,30.2,7.02,134.39
2026-06-05 10:00,srv-web-02,45.31,5.37,114.43
2026-06-05 11:00,srv-web-02,22.9,6.68,92.48
2026-06-05 12:00,srv-web-02,33.3,4.62,101.17
2026-06-05 13:00,srv-web-02,26.98,5.01,101.91
2026-06-05 14:00,srv-web-02,28.71,6.17,93.43
2026-06-05 15:00,srv-web-02,33.32,6.47,102.3
2026-06-05 16:00,srv-web-02,27.69,5.32,127.7
2026-06-05 17:00,srv-web-02,33.16,5.08,117.26
2026-06-05 18:00,srv-web-02,25.39,6.05,116.13
2026-06-05 19:00,srv-web-02,30.15,4.83,96.7
2026-06-05 20:00,srv-web-02,35.21,6.48,100.44
2026-06-05 21:00,srv-web-02,34.75,3.83,101.23
2026-06-05 22:00,srv-web-02,31.81,4.77,95.95
2026-06-05 23:00,srv-web-02,27.99,5.73,107.19
2026-06-06 00:00,srv-web-02,18.57,3.8,100.9
2026-06-06 01:00,srv-web-02,34.75,3.3,102.5
2026-06-06 02:00,srv-web-02,28.84,6.61,104.22
2026-06-06 03:00,srv-web-02,34.3,5.61,78.04
2026-06-06 04:00,srv-web-02,36.61,5.67,117.62
2026-06-06 05:00,srv-web-02,55.56,3.83,135.87
2026-06-06 06:00,srv-web-02,30.28,5.73,109.32
2026-06-06 07:00,srv-web-02,29.45,5.04,114.94
2026-06-06 08:00,srv-web-02,22.9,6.1,103.76
2026-06-06 09:00,srv-web-02,25.22,5.14,128.86
2026-06-06 10:00,srv-web-02,28.79,5.79,
2026-06-06 11:00,srv-web-02,36.55,6.05,
2026-06-06 12:00,srv-web-02,30.95,6.03,111.47
2026-06-06 13:00,srv-web-02,39.78,4.92,121.18
2026-06-06 14:00,srv-web-02,30.83,5.45,111.38
2026-06-06 15:00,srv-web-02,33.51,5.41,113.22
2026-06-06 16:00,srv-web-02,41.47,6.29,123.04
2026-06-06 17:00,srv-web-02,29.27,4.79,124.33
2026-06-06 18:00,srv-web-02,37.26,6.68,100.94
2026-06-06 19:00,srv-web-02,30.62,4.19,104.11
2026-06-06 20:00,srv-web-02,37.98,5.13,119.61
2026-06-06 21:00,srv-web-02,30.86,5.76,92.78
2026-06-06 22:00,srv-web-02,32.51,3.11,107.2
2026-06-06 23:00,srv-web-02,22.22,6.46,121.66
2026-06-07 00:00,srv-web-02,34.8,6.72,95.77
2026-06-07 01:00,srv-web-02,42.48,6.25,106.45
2026-06-07 02:00,srv-web-02,38.81,4.61,97.63
2026-06-07 03:00,srv-web-02,28.35,5.08,94.15
2026-06-07 04:00,srv-web-02,39.34,5.29,115.29
2026-06-07 05:00,srv-web-02,28.58,4.04,114.05
2026-06-07 06:00,srv-web-02,20.53,5.45,89.48
2026-06-07 07:00,srv-web-02,43.92,6.23,111.59
2026-06-07 08:00,srv-web-02,39.58,4.82,118.15
2026-06-07 09:00,srv-web-02,33.2,5.71,129.09
2026-06-07 10:00,srv-web-02,36.39,5.73,85.18
2026-06-07 11:00,srv-web-02,26.24,5.4,111.4
2026-06-07 12:00,srv-web-02,25.22,7.43,132.75
2026-06-07 13:00,srv-web-02,35.61,5.56,106.82
2026-06-07 14:00,srv-web-02,26.29,5.56,113.87
2026-06-07 15:00,srv-web-02,24.55,5.77,107.67
2026-06-07 16:00,srv-web-02,20.55,4.81,103.8
2026-06-07 17:00,srv-web-02,43.33,5.95,89.97
2026-06-07 18:00,srv-web-02,34.92,4.26,126.24
2026-06-07 19:00,srv-web-02,29.17,5.43,129.89
2026-06-07 20:00,srv-web-02,24.28,4.38,101.25
2026-06-07 21:00,srv-web-02,38.23,4.28,67.52
2026-06-07 22:00,srv-web-02,29.29,5.94,128.0
2026-06-07 23:00,srv-web-02,29.22,5.17,127.31
2026-05-18 00:00,srv-db-01,43.78,10.69,62.86
2026-05-18 01:00,srv-db-01,57.7,10.59,60.52
2026-05-18 02:00,srv-db-01,40.07,10.47,66.8
2026-05-18 03:00,srv-db-01,49.11,11.05,66.7
2026-05-18 04:00,srv-db-01,52.94,11.14,45.56
2026-05-18 05:00,srv-db-01,53.76,11.49,62.35
2026-05-18 06:00,srv-db-01,51.48,11.18,70.72
2026-05-18 07:00,srv-db-01,42.7,11.93,54.96
2026-05-18 08:00,srv-db-01,,11.96,39.42
2026-05-18 09:00,srv-db-01,50.74,10.77,48.24
2026-05-18 10:00,srv-db-01,65.41,10.31,51.67
2026-05-18 11:00,srv-db-01,56.23,10.04,54.06
2026-05-18 12:00,srv-db-01,56.9,10.73,58.6
2026-05-18 13:00,srv-db-01,51.82,9.79,
2026-05-18 14:00,srv-db-01,65.53,11.01,63.38
2026-05-18 15:00,srv-db-01,59.16,9.98,85.54
2026-05-18 16:00,srv-db-01,56.21,12.31,49.0
2026-05-18 17:00,srv-db-01,65.91,11.62,68.3
2026-05-18 18:00,srv-db-01,56.4,10.8,78.01
2026-05-18 19:00,srv-db-01,55.84,9.43,43.24
2026-05-18 20:00,srv-db-01,53.88,11.25,59.15
2026-05-18 21:00,srv-db-01,62.31,9.44,62.15
2026-05-18 22:00,srv-db-01,44.09,11.61,58.58
2026-05-18 23:00,srv-db-01,57.52,10.31,79.19
2026-05-19 00:00,srv-db-01,61.25,11.47,58.06
2026-05-19 01:00,srv-db-01,58.48,10.43,72.83
2026-05-19 02:00,srv-db-01,64.9,11.86,49.06
2026-05-19 03:00,srv-db-01,,9.97,68.59
2026-05-19 04:00,srv-db-01,57.7,9.5,42.57
2026-05-19 05:00,srv-db-01,53.3,10.76,41.86
2026-05-19 06:00,srv-db-01,57.33,11.2,57.09
2026-05-19 07:00,srv-db-01,50.47,11.84,84.83
2026-05-19 08:00,srv-db-01,52.1,10.51,67.37
2026-05-19 09:00,srv-db-01,52.85,10.89,71.09
2026-05-19 10:00,srv-db-01,43.54,12.05,61.09
2026-05-19 11:00,srv-db-01,52.53,10.93,59.44
2026-05-19 12:00,srv-db-01,44.61,12.2,60.62
2026-05-19 13:00,srv-db-01,57.66,11.76,44.68
2026-05-19 14:00,srv-db-01,57.84,10.79,72.7
2026-05-19 15:00,srv-db-01,42.24,10.92,50.96
2026-05-19 16:00,srv-db-01,57.59,11.38,49.39
2026-05-19 17:00,srv-db-01,50.73,10.91,46.55
2026-05-19 18:00,srv-db-01,60.05,10.7,16.4
2026-05-19 19:00,srv-db-01,52.75,10.17,35.53
2026-05-19 20:00,srv-db-01,47.58,11.09,79.93
2026-05-19 21:00,srv-db-01,56.88,10.51,66.84
2026-05-19 22:00,srv-db-01,52.25,10.44,42.68
2026-05-19 23:00,srv-db-01,44.49,10.69,62.37
2026-05-20 00:00,srv-db-01,54.42,10.67,45.81
2026-05-20 01:00,srv-db-01,58.65,9.95,71.64
2026-05-20 02:00,srv-db-01,48.99,10.4,38.0
2026-05-20 03:00,srv-db-01,51.99,11.78,67.73
2026-05-20 04:00,srv-db-01,60.87,11.42,43.44
2026-05-20 05:00,srv-db-01,53.02,10.38,79.96
2026-05-20 06:00,srv-db-01,47.82,11.71,73.39
2026-05-20 07:00,srv-db-01,65.98,10.67,70.68
2026-05-20 08:00,srv-db-01,68.69,,36.97
2026-05-20 09:00,srv-db-01,43.72,11.57,31.75
2026-05-20 10:00,srv-db-01,52.77,11.35,62.78
2026-05-20 11:00,srv-db-01,57.55,11.18,79.18
2026-05-20 12:00,srv-db-01,49.29,10.46,48.41
2026-05-20 13:00,srv-db-01,59.98,11.72,66.77
2026-05-20 14:00,srv-db-01,62.1,10.06,85.01
2026-05-20 15:00,srv-db-01,64.14,11.59,86.73
2026-05-20 16:00,srv-db-01,45.06,10.58,48.97
2026-05-20 17:00,srv-db-01,59.33,10.16,71.36
2026-05-20 18:00,srv-db-01,63.22,11.56,64.26
2026-05-20 19:00,srv-db-01,49.07,10.32,78.74
2026-05-20 20:00,srv-db-01,59.68,10.97,53.73
2026-05-20 21:00,srv-db-01,42.85,10.14,88.67
2026-05-20 22:00,srv-db-01,47.32,11.15,75.11
2026-05-20 23:00,srv-db-01,47.47,11.15,74.07
2026-05-21 00:00,srv-db-01,55.07,13.29,34.97
2026-05-21 01:00,srv-db-01,61.35,10.86,71.58
2026-05-21 02:00,srv-db-01,57.65,10.41,63.43
2026-05-21 03:00,srv-db-01,43.85,11.48,64.47
2026-05-21 04:00,srv-db-01,58.83,11.85,65.51
2026-05-21 05:00,srv-db-01,55.89,10.3,49.32
2026-05-21 06:00,srv-db-01,62.12,12.15,56.43
2026-05-21 07:00,srv-db-01,55.28,10.28,77.59
2026-05-21 08:00,srv-db-01,58.99,12.55,46.83
2026-05-21 09:00,srv-db-01,52.73,11.19,69.7
2026-05-21 10:00,srv-db-01,53.71,10.3,73.22
2026-05-21 11:00,srv-db-01,59.33,10.27,80.33
2026-05-21 12:00,srv-db-01,,11.11,61.19
2026-05-21 13:00,srv-db-01,58.32,10.31,60.45
2026-05-21 14:00,srv-db-01,42.09,11.7,36.58
2026-05-21 15:00,srv-db-01,64.02,10.74,56.82
2026-05-21 16:00,srv-db-01,51.23,10.77,81.28
2026-05-21 17:00,srv-db-01,40.07,12.02,65.07
2026-05-21 18:00,srv-db-01,47.76,10.14,85.15
2026-05-21 19:00,srv-db-01,49.33,10.08,77.06
2026-05-21 20:00,srv-db-01,57.03,10.25,63.25
2026-05-21 21:00,srv-db-01,48.85,11.88,75.92
2026-05-21 22:00,srv-db-01,58.19,11.29,86.42
2026-05-21 23:00,srv-db-01,55.0,10.05,66.74
2026-05-22 00:00,srv-db-01,67.52,10.19,54.58
2026-05-22 01:00,srv-db-01,57.5,10.96,45.27
2026-05-22 02:00,srv-db-01,61.73,12.86,62.94
2026-05-22 03:00,srv-db-01,49.58,9.76,63.87
2026-05-22 04:00,srv-db-01,61.62,11.38,59.96
2026-05-22 05:00,srv-db-01,51.46,10.13,72.52
2026-05-22 06:00,srv-db-01,60.48,9.76,83.85
2026-05-22 07:00,srv-db-01,58.44,12.12,39.87
2026-05-22 08:00,srv-db-01,46.81,10.88,67.54
2026-05-22 09:00,srv-db-01,65.78,11.56,56.36
2026-05-22 10:00,srv-db-01,48.84,11.98,45.53
2026-05-22 11:00,srv-db-01,64.77,10.77,83.86
2026-05-22 12:00,srv-db-01,59.07,10.89,52.21
2026-05-22 13:00,srv-db-01,52.95,11.34,61.16
2026-05-22 14:00,srv-db-01,51.44,10.87,61.18
2026-05-22 15:00,srv-db-01,42.23,11.37,45.3
2026-05-22 16:00,srv-db-01,48.08,9.65,33.09
2026-05-22 17:00,srv-db-01,46.87,10.43,89.3
2026-05-22 18:00,srv-db-01,51.84,11.14,66.01
2026-05-22 19:00,srv-db-01,55.79,10.94,42.07
2026-05-22 20:00,srv-db-01,63.71,12.45,34.76
2026-05-22 21:00,srv-db-01,48.86,10.78,45.53
2026-05-22 22:00,srv-db-01,58.04,10.42,92.48
2026-05-22 23:00,srv-db-01,62.14,11.17,75.4
2026-05-23 00:00,srv-db-01,61.64,10.55,47.76
2026-05-23 01:00,srv-db-01,55.47,11.69,62.09
2026-05-23 02:00,srv-db-01,45.54,10.36,58.89
2026-05-23 03:00,srv-db-01,54.55,12.58,39.21
2026-05-23 04:00,srv-db-01,58.03,12.19,94.07
2026-05-23 05:00,srv-db-01,52.57,11.39,68.55
2026-05-23 06:00,srv-db-01,56.17,10.92,66.54
2026-05-23 07:00,srv-db-01,39.81,11.55,61.89
2026-05-23 08:00,srv-db-01,53.67,12.64,49.88
2026-05-23 09:00,srv-db-01,52.58,12.59,47.52
2026-05-23 10:00,srv-db-01,51.7,10.88,72.61
2026-05-23 11:00,srv-db-01,56.25,9.97,52.02
2026-05-23 12:00,srv-db-01,51.36,10.94,66.39
2026-05-23 13:00,srv-db-01,57.51,9.58,75.96
2026-05-23 14:00,srv-db-01,56.52,12.11,66.66
2026-05-23 15:00,srv-db-01,61.61,11.37,80.19
2026-05-23 16:00,srv-db-01,58.13,10.92,94.09
2026-05-23 17:00,srv-db-01,60.33,11.46,40.86
2026-05-23 18:00,srv-db-01,47.27,11.23,62.18
2026-05-23 19:00,srv-db-01,51.32,11.11,83.83
2026-05-23 20:00,srv-db-01,59.17,10.09,58.33
2026-05-23 21:00,srv-db-01,50.17,10.69,53.8
2026-05-23 22:00,srv-db-01,52.13,10.0,58.09
2026-05-23 23:00,srv-db-01,51.64,8.66,90.79
2026-05-24 00:00,srv-db-01,61.53,10.7,60.28
2026-05-24 01:00,srv-db-01,47.97,12.36,88.46
2026-05-24 02:00,srv-db-01,55.94,11.82,62.63
2026-05-24 03:00,srv-db-01,46.98,10.67,61.98
2026-05-24 04:00,srv-db-01,52.27,10.83,58.63
2026-05-24 05:00,srv-db-01,54.51,11.04,44.09
2026-05-24 06:00,srv-db-01,50.7,9.97,74.67
2026-05-24 07:00,srv-db-01,42.37,11.92,80.8
2026-05-24 08:00,srv-db-01,53.19,8.92,54.58
2026-05-24 09:00,srv-db-01,54.61,10.19,52.27
2026-05-24 10:00,srv-db-01,64.18,11.53,46.13
2026-05-24 11:00,srv-db-01,45.41,10.74,56.8
2026-05-24 12:00,srv-db-01,57.98,10.57,67.67
2026-05-24 13:00,srv-db-01,66.61,11.65,59.28
2026-05-24 14:00,srv-db-01,53.9,10.71,77.71
2026-05-24 15:00,srv-db-01,51.24,11.04,60.77
2026-05-24 16:00,srv-db-01,51.99,9.9,64.84
2026-05-24 17:00,srv-db-01,54.63,11.4,52.0
2026-05-24 18:00,srv-db-01,62.32,10.3,85.68
2026-05-24 19:00,srv-db-01,44.51,11.35,67.13
2026-05-24 20:00,srv-db-01,50.23,11.34,79.19
2026-05-24 21:00,srv-db-01,41.7,11.4,22.6
2026-05-24 22:00,srv-db-01,49.21,12.3,51.27
2026-05-24 23:00,srv-db-01,47.96,10.84,91.02
2026-05-25 00:00,srv-db-01,44.01,10.16,82.46
2026-05-25 01:00,srv-db-01,66.15,10.92,41.41
2026-05-25 02:00,srv-db-01,67.58,12.28,70.18
2026-05-25 03:00,srv-db-01,50.13,10.96,57.59
2026-05-25 04:00,srv-db-01,56.99,12.16,73.19
2026-05-25 05:00,srv-db-01,,12.1,64.7
2026-05-25 06:00,srv-db-01,59.12,12.17,43.33
2026-05-25 07:00,srv-db-01,54.79,10.57,36.48
2026-05-25 08:00,srv-db-01,57.08,13.01,32.4
2026-05-25 09:00,srv-db-01,54.81,11.51,61.85
2026-05-25 10:00,srv-db-01,54.32,9.96,
2026-05-25 11:00,srv-db-01,50.46,9.25,77.92
2026-05-25 12:00,srv-db-01,60.75,11.04,63.44
2026-05-25 13:00,srv-db-01,61.45,11.18,73.56
2026-05-25 14:00,srv-db-01,53.22,12.05,64.81
2026-05-25 15:00,srv-db-01,56.16,9.98,64.3
2026-05-25 16:00,srv-db-01,50.01,10.49,47.77
2026-05-25 17:00,srv-db-01,48.6,12.7,79.97
2026-05-25 18:00,srv-db-01,66.52,10.02,61.07
2026-05-25 19:00,srv-db-01,47.24,10.44,46.23
2026-05-25 20:00,srv-db-01,62.44,10.68,76.03
2026-05-25 21:00,srv-db-01,58.62,12.84,37.81
2026-05-25 22:00,srv-db-01,62.56,11.92,45.4
2026-05-25 23:00,srv-db-01,61.04,11.27,56.59
2026-05-26 00:00,srv-db-01,50.06,10.42,90.75
2026-05-26 01:00,srv-db-01,55.0,11.63,48.14
2026-05-26 02:00,srv-db-01,50.32,11.87,39.76
2026-05-26 03:00,srv-db-01,52.51,11.03,61.67
2026-05-26 04:00,srv-db-01,53.93,11.32,
2026-05-26 05:00,srv-db-01,59.41,10.21,55.74
2026-05-26 06:00,srv-db-01,62.17,11.72,39.41
2026-05-26 07:00,srv-db-01,57.11,9.42,60.7
2026-05-26 08:00,srv-db-01,,,
2026-05-26 09:00,srv-db-01,,,
2026-05-26 10:00,srv-db-01,,,
2026-05-26 11:00,srv-db-01,,,
2026-05-26 12:00,srv-db-01,,,
2026-05-26 13:00,srv-db-01,,,
2026-05-26 14:00,srv-db-01,,,
2026-05-26 15:00,srv-db-01,,,
2026-05-26 16:00,srv-db-01,,,
2026-05-26 17:00,srv-db-01,,,
2026-05-26 18:00,srv-db-01,,,
2026-05-26 19:00,srv-db-01,,,
2026-05-26 20:00,srv-db-01,,,
2026-05-26 21:00,srv-db-01,,,
2026-05-26 22:00,srv-db-01,,,
2026-05-26 23:00,srv-db-01,,,
2026-05-27 00:00,srv-db-01,,,
2026-05-27 01:00,srv-db-01,,,
2026-05-27 02:00,srv-db-01,,,
2026-05-27 03:00,srv-db-01,,,
2026-05-27 04:00,srv-db-01,,,
2026-05-27 05:00,srv-db-01,,,
2026-05-27 06:00,srv-db-01,,,
2026-05-27 07:00,srv-db-01,,,
2026-05-27 08:00,srv-db-01,,,
2026-05-27 09:00,srv-db-01,,,
2026-05-27 10:00,srv-db-01,,,
2026-05-27 11:00,srv-db-01,,,
2026-05-27 12:00,srv-db-01,,,
2026-05-27 13:00,srv-db-01,,,
2026-05-27 14:00,srv-db-01,61.08,10.87,108.65
2026-05-27 15:00,srv-db-01,68.85,10.85,58.4
2026-05-27 16:00,srv-db-01,60.97,12.36,35.43
2026-05-27 17:00,srv-db-01,44.28,10.5,68.74
2026-05-27 18:00,srv-db-01,57.98,11.86,42.0
2026-05-27 19:00,srv-db-01,41.1,11.69,47.58
2026-05-27 20:00,srv-db-01,42.89,11.12,71.9
2026-05-27 21:00,srv-db-01,54.27,10.63,57.61
2026-05-27 22:00,srv-db-01,52.78,9.92,49.28
2026-05-27 23:00,srv-db-01,58.13,11.26,62.52
2026-05-28 00:00,srv-db-01,49.03,10.85,27.34
2026-05-28 01:00,srv-db-01,56.07,12.14,37.89
2026-05-28 02:00,srv-db-01,51.48,11.26,78.79
2026-05-28 03:00,srv-db-01,52.31,10.45,30.47
2026-05-28 04:00,srv-db-01,55.62,12.63,64.16
2026-05-28 05:00,srv-db-01,54.87,11.26,59.83
2026-05-28 06:00,srv-db-01,50.12,11.66,63.39
2026-05-28 07:00,srv-db-01,55.11,10.22,79.55
2026-05-28 08:00,srv-db-01,58.99,10.56,75.03
2026-05-28 09:00,srv-db-01,52.01,10.37,48.6
2026-05-28 10:00,srv-db-01,44.37,11.38,32.53
2026-05-28 11:00,srv-db-01,47.63,9.34,58.71
2026-05-28 12:00,srv-db-01,54.1,10.74,44.36
2026-05-28 13:00,srv-db-01,47.97,11.37,51.74
2026-05-28 14:00,srv-db-01,56.9,10.29,62.72
2026-05-28 15:00,srv-db-01,62.82,11.47,53.81
2026-05-28 16:00,srv-db-01,56.54,10.81,60.12
2026-05-28 17:00,srv-db-01,53.05,10.87,63.18
2026-05-28 18:00,srv-db-01,49.04,10.19,39.17
2026-05-28 19:00,srv-db-01,45.4,10.03,62.39
2026-05-28 20:00,srv-db-01,49.64,11.41,60.52
2026-05-28 21:00,srv-db-01,43.19,,72.16
2026-05-28 22:00,srv-db-01,49.04,11.34,47.15
2026-05-28 23:00,srv-db-01,55.59,9.99,33.1
2026-05-29 00:00,srv-db-01,52.7,10.9,54.03
2026-05-29 01:00,srv-db-01,47.9,10.68,64.04
2026-05-29 02:00,srv-db-01,54.73,11.15,49.95
2026-05-29 03:00,srv-db-01,62.03,10.06,67.31
2026-05-29 04:00,srv-db-01,62.09,11.38,56.96
2026-05-29 05:00,srv-db-01,51.83,11.83,38.66
2026-05-29 06:00,srv-db-01,49.18,10.68,78.56
2026-05-29 07:00,srv-db-01,57.28,10.23,55.35
2026-05-29 08:00,srv-db-01,,10.43,74.68
2026-05-29 09:00,srv-db-01,46.77,12.29,72.42
2026-05-29 10:00,srv-db-01,61.55,10.63,57.75
2026-05-29 11:00,srv-db-01,46.4,10.58,67.4
2026-05-29 12:00,srv-db-01,62.78,10.11,54.52
2026-05-29 13:00,srv-db-01,54.09,9.88,68.87
2026-05-29 14:00,srv-db-01,50.66,10.84,53.22
2026-05-29 15:00,srv-db-01,50.26,10.99,56.77
2026-05-29 16:00,srv-db-01,52.77,10.42,64.79
2026-05-29 17:00,srv-db-01,64.92,11.11,74.94
2026-05-29 18:00,srv-db-01,46.66,11.13,43.54
2026-05-29 19:00,srv-db-01,46.14,10.41,77.88
2026-05-29 20:00,srv-db-01,60.7,11.19,37.01
2026-05-29 21:00,srv-db-01,53.82,11.24,62.63
2026-05-29 22:00,srv-db-01,43.94,10.29,59.04
2026-05-29 23:00,srv-db-01,58.22,9.24,57.57
2026-05-30 00:00,srv-db-01,55.86,11.68,70.39
2026-05-30 01:00,srv-db-01,58.5,10.36,31.38
2026-05-30 02:00,srv-db-01,52.64,11.8,80.9
2026-05-30 03:00,srv-db-01,59.26,11.34,65.69
2026-05-30 04:00,srv-db-01,51.66,10.9,85.04
2026-05-30 05:00,srv-db-01,49.34,12.29,55.17
2026-05-30 06:00,srv-db-01,62.95,9.87,68.79
2026-05-30 07:00,srv-db-01,50.58,9.87,63.28
2026-05-30 08:00,srv-db-01,61.06,10.32,37.51
2026-05-30 09:00,srv-db-01,54.45,10.93,68.22
2026-05-30 10:00,srv-db-01,60.7,10.95,87.83
2026-05-30 11:00,srv-db-01,56.35,10.72,35.83
2026-05-30 12:00,srv-db-01,53.42,10.73,74.4
2026-05-30 13:00,srv-db-01,57.77,10.06,62.58
2026-05-30 14:00,srv-db-01,59.03,12.22,73.31
2026-05-30 15:00,srv-db-01,59.57,11.05,65.82
2026-05-30 16:00,srv-db-01,62.5,9.93,54.76
2026-05-30 17:00,srv-db-01,50.36,11.3,78.45
2026-05-30 18:00,srv-db-01,51.42,9.09,53.82
2026-05-30 19:00,srv-db-01,60.48,11.43,66.42
2026-05-30 20:00,srv-db-01,53.32,9.98,67.73
2026-05-30 21:00,srv-db-01,49.99,12.75,68.56
2026-05-30 22:00,srv-db-01,51.52,10.51,58.61
2026-05-30 23:00,srv-db-01,53.56,11.89,62.8
2026-05-31 00:00,srv-db-01,50.61,12.51,60.74
2026-05-31 01:00,srv-db-01,59.61,10.51,65.45
2026-05-31 02:00,srv-db-01,56.87,,90.23
2026-05-31 03:00,srv-db-01,62.74,10.68,43.47
2026-05-31 04:00,srv-db-01,57.09,11.07,65.34
2026-05-31 05:00,srv-db-01,56.15,11.4,81.71
2026-05-31 06:00,srv-db-01,58.41,10.16,80.44
2026-05-31 07:00,srv-db-01,64.84,13.52,43.15
2026-05-31 08:00,srv-db-01,56.46,9.33,68.3
2026-05-31 09:00,srv-db-01,51.71,12.54,48.38
2026-05-31 10:00,srv-db-01,44.86,10.62,30.37
2026-05-31 11:00,srv-db-01,59.51,9.35,60.43
2026-05-31 12:00,srv-db-01,42.53,10.74,84.65
2026-05-31 13:00,srv-db-01,57.16,10.31,59.53
2026-05-31 14:00,srv-db-01,55.11,11.38,39.5
2026-05-31 15:00,srv-db-01,58.56,8.84,50.55
2026-05-31 16:00,srv-db-01,52.07,11.51,60.34
2026-05-31 17:00,srv-db-01,46.57,10.21,62.98
2026-05-31 18:00,srv-db-01,54.53,10.54,52.79
2026-05-31 19:00,srv-db-01,59.18,10.59,58.68
2026-05-31 20:00,srv-db-01,68.02,9.86,32.22
2026-05-31 21:00,srv-db-01,59.7,10.46,55.23
2026-05-31 22:00,srv-db-01,50.31,10.79,83.98
2026-05-31 23:00,srv-db-01,59.81,11.69,38.76
2026-06-01 00:00,srv-db-01,48.09,8.73,47.86
2026-06-01 01:00,srv-db-01,60.74,11.41,56.68
2026-06-01 02:00,srv-db-01,54.87,10.45,63.07
2026-06-01 03:00,srv-db-01,59.6,9.71,64.49
2026-06-01 04:00,srv-db-01,60.59,10.67,70.51
2026-06-01 05:00,srv-db-01,71.89,10.92,65.9
2026-06-01 06:00,srv-db-01,50.57,11.15,66.9
2026-06-01 07:00,srv-db-01,56.17,10.18,63.1
2026-06-01 08:00,srv-db-01,63.77,11.36,74.43
2026-06-01 09:00,srv-db-01,53.58,11.6,64.19
2026-06-01 10:00,srv-db-01,49.29,11.25,45.12
2026-06-01 11:00,srv-db-01,51.2,11.15,64.46
2026-06-01 12:00,srv-db-01,47.86,11.84,68.58
2026-06-01 13:00,srv-db-01,50.77,9.77,57.83
2026-06-01 14:00,srv-db-01,52.32,11.09,54.55
2026-06-01 15:00,srv-db-01,42.96,10.69,55.42
2026-06-01 16:00,srv-db-01,58.8,10.44,85.18
2026-06-01 17:00,srv-db-01,43.53,12.05,56.64
2026-06-01 18:00,srv-db-01,60.16,11.06,77.09
2026-06-01 19:00,srv-db-01,52.68,10.12,81.31
2026-06-01 20:00,srv-db-01,54.32,11.18,78.52
2026-06-01 21:00,srv-db-01,48.81,11.48,51.15
2026-06-01 22:00,srv-db-01,54.21,11.06,37.5
2026-06-01 23:00,srv-db-01,50.33,12.08,73.29
2026-06-02 00:00,srv-db-01,54.62,11.19,55.59
2026-06-02 01:00,srv-db-01,63.14,10.84,63.48
2026-06-02 02:00,srv-db-01,61.88,10.38,83.38
2026-06-02 03:00,srv-db-01,45.82,12.3,54.41
2026-06-02 04:00,srv-db-01,53.54,9.49,53.18
2026-06-02 05:00,srv-db-01,48.76,10.51,57.94
2026-06-02 06:00,srv-db-01,60.75,11.17,64.62
2026-06-02 07:00,srv-db-01,48.43,10.3,86.98
2026-06-02 08:00,srv-db-01,50.59,12.32,56.35
2026-06-02 09:00,srv-db-01,55.01,11.86,79.08
2026-06-02 10:00,srv-db-01,,10.69,59.16
2026-06-02 11:00,srv-db-01,57.03,11.71,60.06
2026-06-02 12:00,srv-db-01,58.71,12.31,65.72
2026-06-02 13:00,srv-db-01,56.87,9.78,20.54
2026-06-02 14:00,srv-db-01,57.33,10.92,52.28
2026-06-02 15:00,srv-db-01,,10.95,76.92
2026-06-02 16:00,srv-db-01,55.52,10.4,74.85
2026-06-02 17:00,srv-db-01,53.7,11.42,52.84
2026-06-02 18:00,srv-db-01,51.1,,60.19
2026-06-02 19:00,srv-db-01,57.88,10.79,32.45
2026-06-02 20:00,srv-db-01,52.4,,55.54
2026-06-02 21:00,srv-db-01,53.52,11.79,49.32
2026-06-02 22:00,srv-db-01,45.74,10.87,52.74
2026-06-02 23:00,srv-db-01,49.2,10.86,67.37
2026-06-03 00:00,srv-db-01,54.94,11.25,87.2
2026-06-03 01:00,srv-db-01,,11.22,52.36
2026-06-03 02:00,srv-db-01,49.92,10.53,52.82
2026-06-03 03:00,srv-db-01,57.16,12.88,49.26
2026-06-03 04:00,srv-db-01,52.5,10.95,65.94
2026-06-03 05:00,srv-db-01,56.58,12.03,23.6
2026-06-03 06:00,srv-db-01,40.68,10.6,76.46
2026-06-03 07:00,srv-db-01,45.61,8.59,68.57
2026-06-03 08:00,srv-db-01,56.46,10.13,45.22
2026-06-03 09:00,srv-db-01,49.18,11.09,50.61
2026-06-03 10:00,srv-db-01,57.96,8.72,47.15
2026-06-03 11:00,srv-db-01,48.24,10.79,51.93
2026-06-03 12:00,srv-db-01,59.79,9.51,60.68
2026-06-03 13:00,srv-db-01,58.35,12.49,52.77
2026-06-03 14:00,srv-db-01,56.95,9.56,24.12
2026-06-03 15:00,srv-db-01,60.07,11.0,77.68
2026-06-03 16:00,srv-db-01,46.76,11.42,88.03
2026-06-03 17:00,srv-db-01,57.52,11.22,60.13
2026-06-03 18:00,srv-db-01,45.57,12.08,50.84
2026-06-03 19:00,srv-db-01,58.03,9.75,42.31
2026-06-03 20:00,srv-db-01,63.61,10.72,81.8
2026-06-03 21:00,srv-db-01,54.53,9.53,73.38
2026-06-03 22:00,srv-db-01,51.46,11.56,60.38
2026-06-03 23:00,srv-db-01,45.74,11.13,92.94
2026-06-04 00:00,srv-db-01,57.96,10.95,76.13
2026-06-04 01:00,srv-db-01,56.26,11.17,43.63
2026-06-04 02:00,srv-db-01,56.4,11.83,47.46
2026-06-04 03:00,srv-db-01,63.55,10.93,46.68
2026-06-04 04:00,srv-db-01,60.99,10.77,71.39
2026-06-04 05:00,srv-db-01,53.25,10.95,67.4
2026-06-04 06:00,srv-db-01,56.75,9.4,43.18
2026-06-04 07:00,srv-db-01,60.58,10.89,52.14
2026-06-04 08:00,srv-db-01,46.85,10.14,29.67
2026-06-04 09:00,srv-db-01,54.39,10.52,45.5
2026-06-04 10:00,srv-db-01,54.59,11.29,91.4
2026-06-04 11:00,srv-db-01,45.93,11.93,74.6
2026-06-04 12:00,srv-db-01,50.33,11.16,53.14
2026-06-04 13:00,srv-db-01,56.11,12.21,69.08
2026-06-04 14:00,srv-db-01,58.05,10.66,37.74
2026-06-04 15:00,srv-db-01,53.75,11.97,37.09
2026-06-04 16:00,srv-db-01,48.67,11.1,45.23
2026-06-04 17:00,srv-db-01,50.24,10.66,39.52
2026-06-04 18:00,srv-db-01,49.16,11.56,40.39
2026-06-04 19:00,srv-db-01,45.41,10.5,70.98
2026-06-04 20:00,srv-db-01,53.82,10.63,60.67
2026-06-04 21:00,srv-db-01,44.53,11.4,65.75
2026-06-04 22:00,srv-db-01,52.54,11.8,43.09
2026-06-04 23:00,srv-db-01,61.77,11.12,54.95
2026-06-05 00:00,srv-db-01,54.88,10.91,
2026-06-05 01:00,srv-db-01,48.54,10.39,75.54
2026-06-05 02:00,srv-db-01,51.43,11.72,85.49
2026-06-05 03:00,srv-db-01,52.59,11.55,42.69
2026-06-05 04:00,srv-db-01,59.53,11.16,67.1
2026-06-05 05:00,srv-db-01,51.13,9.67,67.55
2026-06-05 06:00,srv-db-01,42.62,10.75,74.12
2026-06-05 07:00,srv-db-01,56.15,12.56,75.38
2026-06-05 08:00,srv-db-01,51.08,11.02,59.29
2026-06-05 09:00,srv-db-01,45.51,10.25,51.59
2026-06-05 10:00,srv-db-01,42.78,11.04,56.26
2026-06-05 11:00,srv-db-01,44.96,11.32,70.74
2026-06-05 12:00,srv-db-01,56.36,10.74,68.87
2026-06-05 13:00,srv-db-01,59.08,11.25,47.63
2026-06-05 14:00,srv-db-01,56.66,11.96,51.05
2026-06-05 15:00,srv-db-01,67.59,10.58,60.49
2026-06-05 16:00,srv-db-01,50.97,11.18,33.87
2026-06-05 17:00,srv-db-01,51.72,10.13,62.03
2026-06-05 18:00,srv-db-01,60.97,11.52,24.43
2026-06-05 19:00,srv-db-01,67.25,11.24,48.35
2026-06-05 20:00,srv-db-01,55.94,11.14,50.0
2026-06-05 21:00,srv-db-01,56.19,10.51,53.93
2026-06-05 22:00,srv-db-01,50.88,9.85,62.19
2026-06-05 23:00,srv-db-01,58.51,11.41,72.3
2026-06-06 00:00,srv-db-01,56.95,10.57,72.59
2026-06-06 01:00,srv-db-01,46.85,10.28,45.54
2026-06-06 02:00,srv-db-01,61.48,11.75,67.31
2026-06-06 03:00,srv-db-01,61.43,10.3,65.23
2026-06-06 04:00,srv-db-01,54.25,,58.27
2026-06-06 05:00,srv-db-01,52.69,11.43,73.14
2026-06-06 06:00,srv-db-01,50.99,10.95,44.12
2026-06-06 07:00,srv-db-01,40.01,11.16,69.13
2026-06-06 08:00,srv-db-01,56.57,9.44,54.74
2026-06-06 09:00,srv-db-01,41.69,12.1,43.71
2026-06-06 10:00,srv-db-01,62.53,11.76,46.49
2026-06-06 11:00,srv-db-01,48.2,11.28,47.34
2026-06-06 12:00,srv-db-01,55.61,10.61,33.28
2026-06-06 13:00,srv-db-01,41.62,11.18,51.58
2026-06-06 14:00,srv-db-01,51.68,11.56,77.6
2026-06-06 15:00,srv-db-01,53.36,10.73,67.5
2026-06-06 16:00,srv-db-01,46.86,11.18,68.28
2026-06-06 17:00,srv-db-01,59.08,9.45,48.58
2026-06-06 18:00,srv-db-01,49.73,11.08,67.21
2026-06-06 19:00,srv-db-01,63.98,10.6,52.54
2026-06-06 20:00,srv-db-01,61.9,11.24,79.01
2026-06-06 21:00,srv-db-01,56.73,10.07,40.0
2026-06-06 22:00,srv-db-01,45.69,11.53,77.83
2026-06-06 23:00,srv-db-01,66.1,11.67,77.44
2026-06-07 00:00,srv-db-01,51.52,10.07,72.75
2026-06-07 01:00,srv-db-01,57.51,11.09,65.81
2026-06-07 02:00,srv-db-01,56.94,12.03,79.42
2026-06-07 03:00,srv-db-01,58.27,11.68,67.71
2026-06-07 04:00,srv-db-01,52.23,11.61,39.08
2026-06-07 05:00,srv-db-01,61.32,10.04,64.29
2026-06-07 06:00,srv-db-01,49.93,11.44,59.49
2026-06-07 07:00,srv-db-01,,11.34,51.33
2026-06-07 08:00,srv-db-01,60.29,11.0,65.93
2026-06-07 09:00,srv-db-01,49.25,10.53,53.12
2026-06-07 10:00,srv-db-01,60.14,12.34,47.92
2026-06-07 11:00,srv-db-01,61.46,9.26,42.09
2026-06-07 12:00,srv-db-01,,9.92,36.25
2026-06-07 13:00,srv-db-01,57.48,10.83,65.69
2026-06-07 14:00,srv-db-01,59.14,11.21,69.87
2026-06-07 15:00,srv-db-01,54.58,10.05,75.87
2026-06-07 16:00,srv-db-01,51.47,10.25,57.33
2026-06-07 17:00,srv-db-01,49.52,10.67,65.16
2026-06-07 18:00,srv-db-01,57.09,10.28,52.68
2026-06-07 19:00,srv-db-01,61.45,11.4,91.13
2026-06-07 20:00,srv-db-01,62.08,11.92,39.18
2026-06-07 21:00,srv-db-01,59.58,10.96,51.74
2026-06-07 22:00,srv-db-01,56.01,11.76,67.51
2026-06-07 23:00,srv-db-01,49.73,11.59,50.44
2026-05-18 00:00,srv-app-01,41.3,6.76,86.72
2026-05-18 01:00,srv-app-01,44.6,6.17,119.18
2026-05-18 02:00,srv-app-01,29.07,6.52,95.55
2026-05-18 03:00,srv-app-01,43.51,6.92,89.14
2026-05-18 04:00,srv-app-01,42.46,6.82,110.9
2026-05-18 05:00,srv-app-01,45.04,7.7,75.51
2026-05-18 06:00,srv-app-01,39.52,6.76,74.92
2026-05-18 07:00,srv-app-01,42.16,6.57,99.83
2026-05-18 08:00,srv-app-01,33.58,8.38,76.56
2026-05-18 09:00,srv-app-01,41.32,7.63,81.44
2026-05-18 10:00,srv-app-01,45.11,6.02,111.78
2026-05-18 11:00,srv-app-01,40.08,6.52,85.51
2026-05-18 12:00,srv-app-01,44.85,6.53,78.76
2026-05-18 13:00,srv-app-01,38.67,6.06,117.31
2026-05-18 14:00,srv-app-01,36.6,7.67,93.14
2026-05-18 15:00,srv-app-01,34.09,7.0,101.76
2026-05-18 16:00,srv-app-01,38.87,7.95,105.32
2026-05-18 17:00,srv-app-01,45.51,6.63,73.8
2026-05-18 18:00,srv-app-01,36.32,7.16,98.19
2026-05-18 19:00,srv-app-01,26.97,6.99,92.37
2026-05-18 20:00,srv-app-01,38.33,8.03,96.33
2026-05-18 21:00,srv-app-01,47.86,,104.06
2026-05-18 22:00,srv-app-01,49.81,8.05,73.62
2026-05-18 23:00,srv-app-01,38.48,-6.72,97.34
2026-05-19 00:00,srv-app-01,44.12,6.33,91.02
2026-05-19 01:00,srv-app-01,27.88,8.15,82.31
2026-05-19 02:00,srv-app-01,40.34,,107.19
2026-05-19 03:00,srv-app-01,22.97,6.99,88.41
2026-05-19 04:00,srv-app-01,37.28,8.38,76.69
2026-05-19 05:00,srv-app-01,44.63,7.29,108.92
2026-05-19 06:00,srv-app-01,36.0,6.41,106.44
2026-05-19 07:00,srv-app-01,42.55,5.76,81.91
2026-05-19 08:00,srv-app-01,42.32,7.67,79.81
2026-05-19 09:00,srv-app-01,22.51,7.42,71.7
2026-05-19 10:00,srv-app-01,27.9,4.73,102.21
2026-05-19 11:00,srv-app-01,40.77,6.82,110.84
2026-05-19 12:00,srv-app-01,43.82,8.29,69.11
2026-05-19 13:00,srv-app-01,39.79,5.71,86.56
2026-05-19 14:00,srv-app-01,38.51,7.5,90.68
2026-05-19 15:00,srv-app-01,43.74,7.56,122.32
2026-05-19 16:00,srv-app-01,38.11,6.25,93.69
2026-05-19 17:00,srv-app-01,35.19,8.19,85.75
2026-05-19 18:00,srv-app-01,36.61,6.62,100.78
2026-05-19 19:00,srv-app-01,39.05,6.49,114.98
2026-05-19 20:00,srv-app-01,34.86,7.03,99.78
2026-05-19 21:00,srv-app-01,30.21,7.38,74.17
2026-05-19 22:00,srv-app-01,44.94,6.23,100.39
2026-05-19 23:00,srv-app-01,46.63,7.69,93.77
2026-05-20 00:00,srv-app-01,38.61,6.54,112.07
2026-05-20 01:00,srv-app-01,35.8,6.17,99.98
2026-05-20 02:00,srv-app-01,35.22,6.24,68.35
2026-05-20 03:00,srv-app-01,37.1,6.93,93.65
2026-05-20 04:00,srv-app-01,45.71,7.42,87.14
2026-05-20 05:00,srv-app-01,38.81,7.41,109.09
2026-05-20 06:00,srv-app-01,40.76,6.62,75.11
2026-05-20 07:00,srv-app-01,31.33,7.53,98.67
2026-05-20 08:00,srv-app-01,43.46,6.9,111.1
2026-05-20 09:00,srv-app-01,37.1,7.76,89.42
2026-05-20 10:00,srv-app-01,36.35,7.47,96.14
2026-05-20 11:00,srv-app-01,42.14,7.07,89.43
2026-05-20 12:00,srv-app-01,54.33,7.95,100.84
2026-05-20 13:00,srv-app-01,40.67,7.81,97.77
2026-05-20 14:00,srv-app-01,40.16,6.76,88.79
2026-05-20 15:00,srv-app-01,20.98,7.17,82.67
2026-05-20 16:00,srv-app-01,49.56,7.02,72.17
2026-05-20 17:00,srv-app-01,39.7,6.16,97.1
2026-05-20 18:00,srv-app-01,41.75,7.77,78.14
2026-05-20 19:00,srv-app-01,40.2,5.91,100.52
2026-05-20 20:00,srv-app-01,43.11,7.4,90.02
2026-05-20 21:00,srv-app-01,42.49,8.28,85.72
2026-05-20 22:00,srv-app-01,40.83,6.13,76.98
2026-05-20 23:00,srv-app-01,40.59,7.88,86.16
2026-05-21 00:00,srv-app-01,38.58,6.67,81.98
2026-05-21 01:00,srv-app-01,41.77,5.8,109.21
2026-05-21 02:00,srv-app-01,36.01,7.58,70.95
2026-05-21 03:00,srv-app-01,44.01,7.54,95.76
2026-05-21 04:00,srv-app-01,34.03,7.2,72.25
2026-05-21 05:00,srv-app-01,38.48,7.82,101.95
2026-05-21 06:00,srv-app-01,40.09,6.22,99.68
2026-05-21 07:00,srv-app-01,40.12,5.14,101.74
2026-05-21 08:00,srv-app-01,39.85,7.96,73.57
2026-05-21 09:00,srv-app-01,20.94,7.22,94.37
2026-05-21 10:00,srv-app-01,,6.22,131.33
2026-05-21 11:00,srv-app-01,38.17,7.58,80.24
2026-05-21 12:00,srv-app-01,,6.86,86.02
2026-05-21 13:00,srv-app-01,37.6,6.91,93.96
2026-05-21 14:00,srv-app-01,39.1,5.99,97.29
2026-05-21 15:00,srv-app-01,28.3,5.36,101.09
2026-05-21 16:00,srv-app-01,43.04,6.95,69.07
2026-05-21 17:00,srv-app-01,35.75,6.79,66.06
2026-05-21 18:00,srv-app-01,35.57,7.52,111.41
2026-05-21 19:00,srv-app-01,37.48,7.61,61.29
2026-05-21 20:00,srv-app-01,43.96,6.36,94.61
2026-05-21 21:00,srv-app-01,38.51,8.06,76.88
2026-05-21 22:00,srv-app-01,43.77,6.78,87.63
2026-05-21 23:00,srv-app-01,38.9,6.32,89.79
2026-05-22 00:00,srv-app-01,39.62,7.19,91.27
2026-05-22 01:00,srv-app-01,44.79,7.74,74.24
2026-05-22 02:00,srv-app-01,45.21,6.05,98.82
2026-05-22 03:00,srv-app-01,43.72,5.47,91.39
2026-05-22 04:00,srv-app-01,37.19,6.39,110.26
2026-05-22 05:00,srv-app-01,36.08,6.35,91.14
2026-05-22 06:00,srv-app-01,44.11,6.89,107.5
2026-05-22 07:00,srv-app-01,43.19,5.26,82.06
2026-05-22 08:00,srv-app-01,36.63,7.38,50.63
2026-05-22 09:00,srv-app-01,55.29,7.42,92.23
2026-05-22 10:00,srv-app-01,47.09,8.87,103.06
2026-05-22 11:00,srv-app-01,45.69,7.1,87.88
2026-05-22 12:00,srv-app-01,37.15,6.34,79.69
2026-05-22 13:00,srv-app-01,31.9,6.94,64.73
2026-05-22 14:00,srv-app-01,41.15,6.97,92.2
2026-05-22 15:00,srv-app-01,36.87,9.46,110.4
2026-05-22 16:00,srv-app-01,32.53,7.19,80.88
2026-05-22 17:00,srv-app-01,33.91,5.93,96.48
2026-05-22 18:00,srv-app-01,35.91,7.77,104.91
2026-05-22 19:00,srv-app-01,48.24,6.32,97.13
2026-05-22 20:00,srv-app-01,43.79,6.62,78.42
2026-05-22 21:00,srv-app-01,49.66,7.18,99.54
2026-05-22 22:00,srv-app-01,35.07,6.02,81.46
2026-05-22 23:00,srv-app-01,39.26,6.15,89.85
2026-05-23 00:00,srv-app-01,29.87,6.1,100.06
2026-05-23 01:00,srv-app-01,43.62,6.69,74.73
2026-05-23 02:00,srv-app-01,33.84,6.7,99.67
2026-05-23 03:00,srv-app-01,45.57,6.6,72.7
2026-05-23 04:00,srv-app-01,41.61,6.34,82.23
2026-05-23 05:00,srv-app-01,47.95,7.66,92.37
2026-05-23 06:00,srv-app-01,32.37,7.17,105.94
2026-05-23 07:00,srv-app-01,37.75,8.08,109.39
2026-05-23 08:00,srv-app-01,49.98,7.24,98.81
2026-05-23 09:00,srv-app-01,48.49,7.36,82.48
2026-05-23 10:00,srv-app-01,37.31,7.19,70.64
2026-05-23 11:00,srv-app-01,39.14,7.88,57.13
2026-05-23 12:00,srv-app-01,49.21,7.9,83.1
2026-05-23 13:00,srv-app-01,43.26,7.0,108.45
2026-05-23 14:00,srv-app-01,45.9,5.88,98.81
2026-05-23 15:00,srv-app-01,38.77,7.07,79.08
2026-05-23 16:00,srv-app-01,50.49,7.83,78.9
2026-05-23 17:00,srv-app-01,31.99,6.69,96.52
2026-05-23 18:00,srv-app-01,41.44,8.0,101.85
2026-05-23 19:00,srv-app-01,45.82,7.26,69.16
2026-05-23 20:00,srv-app-01,38.83,7.85,89.23
2026-05-23 21:00,srv-app-01,43.02,6.75,74.55
2026-05-23 22:00,srv-app-01,39.26,7.25,80.16
2026-05-23 23:00,srv-app-01,38.59,6.25,106.79
2026-05-24 00:00,srv-app-01,38.23,8.16,112.93
2026-05-24 01:00,srv-app-01,39.51,6.19,58.71
2026-05-24 02:00,srv-app-01,31.17,5.9,110.68
2026-05-24 03:00,srv-app-01,40.69,7.31,56.69
2026-05-24 04:00,srv-app-01,32.81,7.71,94.3
2026-05-24 05:00,srv-app-01,39.12,7.45,114.54
2026-05-24 06:00,srv-app-01,38.67,7.06,92.89
2026-05-24 07:00,srv-app-01,54.35,5.32,100.25
2026-05-24 08:00,srv-app-01,39.31,7.45,80.14
2026-05-24 09:00,srv-app-01,39.71,7.57,136.69
2026-05-24 10:00,srv-app-01,44.85,6.32,83.64
2026-05-24 11:00,srv-app-01,37.28,5.56,85.05
2026-05-24 12:00,srv-app-01,44.4,5.98,105.73
2026-05-24 13:00,srv-app-01,42.93,6.41,87.88
2026-05-24 14:00,srv-app-01,,7.59,90.13
2026-05-24 15:00,srv-app-01,38.57,7.06,82.32
2026-05-24 16:00,srv-app-01,27.37,8.63,92.33
2026-05-24 17:00,srv-app-01,42.39,6.95,78.97
2026-05-24 18:00,srv-app-01,38.88,5.72,124.16
2026-05-24 19:00,srv-app-01,32.59,6.17,83.4
2026-05-24 20:00,srv-app-01,47.73,7.01,71.46
2026-05-24 21:00,srv-app-01,47.53,7.58,98.08
2026-05-24 22:00,srv-app-01,44.29,8.92,122.78
2026-05-24 23:00,srv-app-01,35.88,8.3,95.75
2026-05-25 00:00,srv-app-01,42.99,5.65,87.44
2026-05-25 01:00,srv-app-01,35.12,7.66,106.07
2026-05-25 02:00,srv-app-01,27.55,6.98,106.83
2026-05-25 03:00,srv-app-01,38.88,7.58,95.27
2026-05-25 04:00,srv-app-01,42.05,,71.75
2026-05-25 05:00,srv-app-01,33.27,7.57,90.29
2026-05-25 06:00,srv-app-01,39.17,6.66,85.42
2026-05-25 07:00,srv-app-01,46.28,6.73,69.88
2026-05-25 08:00,srv-app-01,44.46,6.84,90.47
2026-05-25 09:00,srv-app-01,49.65,6.98,94.34
2026-05-25 10:00,srv-app-01,32.93,6.82,99.14
2026-05-25 11:00,srv-app-01,30.67,7.16,91.51
2026-05-25 12:00,srv-app-01,40.25,7.83,95.02
2026-05-25 13:00,srv-app-01,48.87,6.21,92.04
2026-05-25 14:00,srv-app-01,40.51,6.14,104.34
2026-05-25 15:00,srv-app-01,53.95,6.99,97.58
2026-05-25 16:00,srv-app-01,40.51,6.43,62.69
2026-05-25 17:00,srv-app-01,35.77,5.89,115.56
2026-05-25 18:00,srv-app-01,39.31,6.72,103.34
2026-05-25 19:00,srv-app-01,33.27,6.39,91.02
2026-05-25 20:00,srv-app-01,46.17,7.4,93.72
2026-05-25 21:00,srv-app-01,40.47,7.32,93.02
2026-05-25 22:00,srv-app-01,33.82,7.04,73.89
2026-05-25 23:00,srv-app-01,40.49,6.62,128.09
2026-05-26 00:00,srv-app-01,39.76,5.88,
2026-05-26 01:00,srv-app-01,43.12,8.34,81.16
2026-05-26 02:00,srv-app-01,30.51,7.65,69.29
2026-05-26 03:00,srv-app-01,37.38,6.79,88.96
2026-05-26 04:00,srv-app-01,44.13,6.45,85.89
2026-05-26 05:00,srv-app-01,39.91,7.12,91.47
2026-05-26 06:00,srv-app-01,42.62,7.68,95.89
2026-05-26 07:00,srv-app-01,42.72,5.73,90.75
2026-05-26 08:00,srv-app-01,42.88,7.58,79.61
2026-05-26 09:00,srv-app-01,36.05,6.54,98.05
2026-05-26 10:00,srv-app-01,46.2,6.67,103.62
2026-05-26 11:00,srv-app-01,40.74,6.9,86.83
2026-05-26 12:00,srv-app-01,44.48,7.26,124.14
2026-05-26 13:00,srv-app-01,34.89,7.41,82.06
2026-05-26 14:00,srv-app-01,34.78,6.99,92.06
2026-05-26 15:00,srv-app-01,57.51,6.85,73.05
2026-05-26 16:00,srv-app-01,41.64,5.34,88.62
2026-05-26 17:00,srv-app-01,40.1,7.64,104.6
2026-05-26 18:00,srv-app-01,36.98,6.88,78.51
2026-05-26 19:00,srv-app-01,33.23,7.25,70.9
2026-05-26 20:00,srv-app-01,37.51,6.2,98.25
2026-05-26 21:00,srv-app-01,50.81,5.96,62.2
2026-05-26 22:00,srv-app-01,39.25,7.01,
2026-05-26 23:00,srv-app-01,37.32,6.84,95.51
2026-05-27 00:00,srv-app-01,46.24,5.44,84.47
2026-05-27 01:00,srv-app-01,41.28,6.27,115.97
2026-05-27 02:00,srv-app-01,36.19,6.97,98.34
2026-05-27 03:00,srv-app-01,36.45,5.52,83.57
2026-05-27 04:00,srv-app-01,46.18,6.73,77.3
2026-05-27 05:00,srv-app-01,45.55,6.74,82.35
2026-05-27 06:00,srv-app-01,40.9,7.62,125.73
2026-05-27 07:00,srv-app-01,44.96,7.93,82.41
2026-05-27 08:00,srv-app-01,33.84,7.05,91.61
2026-05-27 09:00,srv-app-01,33.53,6.86,95.99
2026-05-27 10:00,srv-app-01,42.16,7.4,94.36
2026-05-27 11:00,srv-app-01,36.96,6.59,72.02
2026-05-27 12:00,srv-app-01,50.71,7.01,86.63
2026-05-27 13:00,srv-app-01,34.43,9.35,73.9
2026-05-27 14:00,srv-app-01,37.43,7.33,99.0
2026-05-27 15:00,srv-app-01,45.75,8.45,97.59
2026-05-27 16:00,srv-app-01,33.66,6.79,94.62
2026-05-27 17:00,srv-app-01,52.41,5.88,108.04
2026-05-27 18:00,srv-app-01,41.08,7.67,88.47
2026-05-27 19:00,srv-app-01,34.95,7.6,99.82
2026-05-27 20:00,srv-app-01,45.83,6.99,81.0
2026-05-27 21:00,srv-app-01,30.65,7.66,96.36
2026-05-27 22:00,srv-app-01,34.21,6.57,83.0
2026-05-27 23:00,srv-app-01,31.1,6.35,72.99
2026-05-28 00:00,srv-app-01,37.53,6.41,65.59
2026-05-28 01:00,srv-app-01,52.14,8.0,78.31
2026-05-28 02:00,srv-app-01,41.63,7.33,107.87
2026-05-28 03:00,srv-app-01,35.09,7.87,81.78
2026-05-28 04:00,srv-app-01,31.98,7.58,109.36
2026-05-28 05:00,srv-app-01,55.53,6.04,100.48
2026-05-28 06:00,srv-app-01,37.54,7.63,67.94
2026-05-28 07:00,srv-app-01,32.42,6.38,91.18
2026-05-28 08:00,srv-app-01,36.15,7.53,105.4
2026-05-28 09:00,srv-app-01,43.6,8.3,96.24
2026-05-28 10:00,srv-app-01,32.7,8.09,80.92
2026-05-28 11:00,srv-app-01,45.46,8.26,96.85
2026-05-28 12:00,srv-app-01,31.02,6.27,109.84
2026-05-28 13:00,srv-app-01,38.99,7.06,101.38
2026-05-28 14:00,srv-app-01,44.18,7.22,86.87
2026-05-28 15:00,srv-app-01,38.12,7.69,98.3
2026-05-28 16:00,srv-app-01,38.46,7.87,88.06
2026-05-28 17:00,srv-app-01,34.89,6.39,75.32
2026-05-28 18:00,srv-app-01,38.37,7.99,77.92
2026-05-28 19:00,srv-app-01,41.13,6.47,86.1
2026-05-28 20:00,srv-app-01,30.94,6.82,87.09
2026-05-28 21:00,srv-app-01,43.24,7.18,72.02
2026-05-28 22:00,srv-app-01,46.51,7.17,92.98
2026-05-28 23:00,srv-app-01,39.94,6.59,93.27
2026-05-29 00:00,srv-app-01,42.85,5.6,81.92
2026-05-29 01:00,srv-app-01,38.47,7.2,107.9
2026-05-29 02:00,srv-app-01,35.37,6.6,82.31
2026-05-29 03:00,srv-app-01,35.19,6.72,101.56
2026-05-29 04:00,srv-app-01,33.68,7.34,64.47
2026-05-29 05:00,srv-app-01,36.63,6.74,115.12
2026-05-29 06:00,srv-app-01,38.35,5.24,60.02
2026-05-29 07:00,srv-app-01,40.2,7.49,95.63
2026-05-29 08:00,srv-app-01,41.01,7.93,81.91
2026-05-29 09:00,srv-app-01,45.37,5.69,76.43
2026-05-29 10:00,srv-app-01,29.16,6.78,89.31
2026-05-29 11:00,srv-app-01,40.68,7.05,76.09
2026-05-29 12:00,srv-app-01,38.86,5.8,110.45
2026-05-29 13:00,srv-app-01,38.18,6.61,113.83
2026-05-29 14:00,srv-app-01,32.55,6.1,73.56
2026-05-29 15:00,srv-app-01,39.59,7.35,101.1
2026-05-29 16:00,srv-app-01,55.43,5.2,99.13
2026-05-29 17:00,srv-app-01,36.66,6.53,80.7
2026-05-29 18:00,srv-app-01,34.55,8.35,102.63
2026-05-29 19:00,srv-app-01,40.14,8.08,67.31
2026-05-29 20:00,srv-app-01,32.02,5.26,79.51
2026-05-29 21:00,srv-app-01,40.97,7.08,92.24
2026-05-29 22:00,srv-app-01,31.53,7.64,93.59
2026-05-29 23:00,srv-app-01,44.4,5.49,94.67
2026-05-30 00:00,srv-app-01,32.87,6.68,98.02
2026-05-30 01:00,srv-app-01,40.55,6.32,
2026-05-30 02:00,srv-app-01,30.81,7.92,86.92
2026-05-30 03:00,srv-app-01,46.71,6.58,82.15
2026-05-30 04:00,srv-app-01,35.41,7.7,79.36
2026-05-30 05:00,srv-app-01,43.87,6.69,60.36
2026-05-30 06:00,srv-app-01,36.58,6.06,90.51
2026-05-30 07:00,srv-app-01,32.86,7.74,88.63
2026-05-30 08:00,srv-app-01,38.93,7.52,104.46
2026-05-30 09:00,srv-app-01,,6.38,63.39
2026-05-30 10:00,srv-app-01,35.88,6.51,91.61
2026-05-30 11:00,srv-app-01,37.93,7.55,80.81
2026-05-30 12:00,srv-app-01,39.66,7.95,95.13
2026-05-30 13:00,srv-app-01,39.64,6.52,80.5
2026-05-30 14:00,srv-app-01,34.9,6.57,101.33
2026-05-30 15:00,srv-app-01,38.67,5.92,116.52
2026-05-30 16:00,srv-app-01,41.92,5.87,83.37
2026-05-30 17:00,srv-app-01,40.67,8.36,73.38
2026-05-30 18:00,srv-app-01,45.86,8.12,80.57
2026-05-30 19:00,srv-app-01,38.33,6.17,86.95
2026-05-30 20:00,srv-app-01,39.78,7.53,106.35
2026-05-30 21:00,srv-app-01,35.51,5.43,89.68
2026-05-30 22:00,srv-app-01,41.76,7.2,85.1
2026-05-30 23:00,srv-app-01,40.75,8.21,95.73
2026-05-31 00:00,srv-app-01,37.76,6.6,87.45
2026-05-31 01:00,srv-app-01,49.82,6.85,89.7
2026-05-31 02:00,srv-app-01,37.11,7.88,119.4
2026-05-31 03:00,srv-app-01,42.7,7.07,90.55
2026-05-31 04:00,srv-app-01,25.69,7.6,92.01
2026-05-31 05:00,srv-app-01,42.57,6.43,84.23
2026-05-31 06:00,srv-app-01,37.53,7.82,84.32
2026-05-31 07:00,srv-app-01,52.5,7.34,70.86
2026-05-31 08:00,srv-app-01,39.23,6.48,57.08
2026-05-31 09:00,srv-app-01,49.6,7.56,98.0
2026-05-31 10:00,srv-app-01,40.99,5.89,82.75
2026-05-31 11:00,srv-app-01,45.05,6.16,52.02
2026-05-31 12:00,srv-app-01,38.64,6.89,92.03
2026-05-31 13:00,srv-app-01,44.37,7.51,93.88
2026-05-31 14:00,srv-app-01,47.17,5.78,97.57
2026-05-31 15:00,srv-app-01,43.76,6.01,67.46
2026-05-31 16:00,srv-app-01,35.52,6.47,101.3
2026-05-31 17:00,srv-app-01,36.31,6.31,80.83
2026-05-31 18:00,srv-app-01,46.71,7.01,87.31
2026-05-31 19:00,srv-app-01,39.34,8.03,78.76
2026-05-31 20:00,srv-app-01,47.89,7.17,87.59
2026-05-31 21:00,srv-app-01,55.01,6.16,84.69
2026-05-31 22:00,srv-app-01,32.61,7.76,115.34
2026-05-31 23:00,srv-app-01,50.02,7.98,87.04
2026-06-01 00:00,srv-app-01,37.81,5.66,120.54
2026-06-01 01:00,srv-app-01,,6.61,109.92
2026-06-01 02:00,srv-app-01,34.16,7.33,87.41
2026-06-01 03:00,srv-app-01,43.83,6.95,68.24
2026-06-01 04:00,srv-app-01,40.45,7.84,89.56
2026-06-01 05:00,srv-app-01,44.65,6.16,89.61
2026-06-01 06:00,srv-app-01,36.25,7.6,90.47
2026-06-01 07:00,srv-app-01,44.14,7.87,100.37
2026-06-01 08:00,srv-app-01,41.64,6.2,89.96
2026-06-01 09:00,srv-app-01,36.8,6.72,84.38
2026-06-01 10:00,srv-app-01,34.12,5.43,79.98
2026-06-01 11:00,srv-app-01,41.16,5.92,90.24
2026-06-01 12:00,srv-app-01,51.4,7.82,114.65
2026-06-01 13:00,srv-app-01,42.35,7.93,79.14
2026-06-01 14:00,srv-app-01,36.13,4.81,107.79
2026-06-01 15:00,srv-app-01,49.24,6.56,86.19
2026-06-01 16:00,srv-app-01,35.48,7.31,106.87
2026-06-01 17:00,srv-app-01,29.54,7.33,85.85
2026-06-01 18:00,srv-app-01,40.68,7.37,87.18
2026-06-01 19:00,srv-app-01,39.38,6.83,104.55
2026-06-01 20:00,srv-app-01,42.51,7.18,70.94
2026-06-01 21:00,srv-app-01,37.73,7.72,90.57
2026-06-01 22:00,srv-app-01,43.96,8.41,105.58
2026-06-01 23:00,srv-app-01,40.56,6.59,51.7
2026-06-02 00:00,srv-app-01,38.99,6.74,95.86
2026-06-02 01:00,srv-app-01,39.08,6.74,63.31
2026-06-02 02:00,srv-app-01,34.36,7.38,115.74
2026-06-02 03:00,srv-app-01,39.41,7.26,104.29
2026-06-02 04:00,srv-app-01,35.13,7.29,78.89
2026-06-02 05:00,srv-app-01,45.19,7.12,94.48
2026-06-02 06:00,srv-app-01,35.3,7.57,121.27
2026-06-02 07:00,srv-app-01,33.95,6.73,93.47
2026-06-02 08:00,srv-app-01,44.72,6.55,47.5
2026-06-02 09:00,srv-app-01,48.16,7.61,63.86
2026-06-02 10:00,srv-app-01,36.35,8.25,111.72
2026-06-02 11:00,srv-app-01,45.63,6.86,91.24
2026-06-02 12:00,srv-app-01,39.21,7.9,76.86
2026-06-02 13:00,srv-app-01,35.17,7.81,89.33
2026-06-02 14:00,srv-app-01,48.27,6.46,89.18
2026-06-02 15:00,srv-app-01,34.47,7.01,67.82
2026-06-02 16:00,srv-app-01,37.07,5.85,100.41
2026-06-02 17:00,srv-app-01,44.3,5.62,110.01
2026-06-02 18:00,srv-app-01,54.98,7.04,80.38
2026-06-02 19:00,srv-app-01,56.95,5.94,90.3
2026-06-02 20:00,srv-app-01,171.08,8.08,95.4
2026-06-02 21:00,srv-app-01,37.01,6.24,84.87
2026-06-02 22:00,srv-app-01,33.96,7.04,81.54
2026-06-02 23:00,srv-app-01,31.04,8.0,82.53
2026-06-03 00:00,srv-app-01,32.39,6.87,91.03
2026-06-03 01:00,srv-app-01,29.52,7.27,74.29
2026-06-03 02:00,srv-app-01,50.27,7.42,84.0
2026-06-03 03:00,srv-app-01,35.53,6.92,99.19
2026-06-03 04:00,srv-app-01,39.85,6.83,90.88
2026-06-03 05:00,srv-app-01,36.38,6.73,58.71
2026-06-03 06:00,srv-app-01,45.84,7.24,78.4
2026-06-03 07:00,srv-app-01,51.39,7.07,74.46
2026-06-03 08:00,srv-app-01,45.14,7.32,95.92
2026-06-03 09:00,srv-app-01,37.45,7.36,86.07
2026-06-03 10:00,srv-app-01,43.34,5.48,83.49
2026-06-03 11:00,srv-app-01,50.33,6.39,80.94
2026-06-03 12:00,srv-app-01,37.31,6.03,56.88
2026-06-03 13:00,srv-app-01,38.62,7.11,89.21
2026-06-03 14:00,srv-app-01,39.13,7.03,105.34
2026-06-03 15:00,srv-app-01,38.86,6.54,85.78
2026-06-03 16:00,srv-app-01,43.48,8.13,80.58
2026-06-03 17:00,srv-app-01,40.59,7.27,75.11
2026-06-03 18:00,srv-app-01,40.12,5.83,63.46
2026-06-03 19:00,srv-app-01,42.2,6.69,93.03
2026-06-03 20:00,srv-app-01,39.89,6.22,89.32
2026-06-03 21:00,srv-app-01,32.6,8.11,69.66
2026-06-03 22:00,srv-app-01,38.83,6.17,98.56
2026-06-03 23:00,srv-app-01,38.01,6.59,102.8
2026-06-04 00:00,srv-app-01,40.18,7.41,75.28
2026-06-04 01:00,srv-app-01,31.57,7.09,85.22
2026-06-04 02:00,srv-app-01,43.76,6.94,93.08
2026-06-04 03:00,srv-app-01,30.26,8.51,87.54
2026-06-04 04:00,srv-app-01,44.19,6.33,94.62
2026-06-04 05:00,srv-app-01,32.18,7.36,84.66
2026-06-04 06:00,srv-app-01,40.18,7.56,71.51
2026-06-04 07:00,srv-app-01,35.89,7.37,121.47
2026-06-04 08:00,srv-app-01,39.17,7.47,88.4
2026-06-04 09:00,srv-app-01,51.65,5.6,91.42
2026-06-04 10:00,srv-app-01,30.25,4.99,94.46
2026-06-04 11:00,srv-app-01,40.84,6.77,88.41
2026-06-04 12:00,srv-app-01,58.59,6.79,97.65
2026-06-04 13:00,srv-app-01,36.1,7.24,86.43
2026-06-04 14:00,srv-app-01,37.54,8.46,107.66
2026-06-04 15:00,srv-app-01,40.82,5.16,84.58
2026-06-04 16:00,srv-app-01,56.22,6.82,106.55
2026-06-04 17:00,srv-app-01,48.65,7.18,77.37
2026-06-04 18:00,srv-app-01,25.39,7.55,77.78
2026-06-04 19:00,srv-app-01,41.06,6.0,86.02
2026-06-04 20:00,srv-app-01,40.2,7.21,73.28
2026-06-04 21:00,srv-app-01,47.18,6.52,64.88
2026-06-04 22:00,srv-app-01,39.35,7.03,92.41
2026-06-04 23:00,srv-app-01,48.17,6.81,88.21
2026-06-05 00:00,srv-app-01,33.38,7.66,92.76
2026-06-05 01:00,srv-app-01,37.48,5.48,111.67
2026-06-05 02:00,srv-app-01,32.63,6.53,95.38
2026-06-05 03:00,srv-app-01,32.82,5.81,58.14
2026-06-05 04:00,srv-app-01,44.33,6.56,133.91
2026-06-05 05:00,srv-app-01,34.03,6.26,81.52
2026-06-05 06:00,srv-app-01,41.46,6.62,99.18
2026-06-05 07:00,srv-app-01,34.13,5.89,63.03
2026-06-05 08:00,srv-app-01,26.66,6.59,85.49
2026-06-05 09:00,srv-app-01,36.21,7.99,108.42
2026-06-05 10:00,srv-app-01,37.99,5.56,81.5
2026-06-05 11:00,srv-app-01,36.4,6.47,79.53
2026-06-05 12:00,srv-app-01,36.08,6.69,80.47
2026-06-05 13:00,srv-app-01,41.25,7.29,76.34
2026-06-05 14:00,srv-app-01,47.63,6.22,65.73
2026-06-05 15:00,srv-app-01,42.28,6.35,94.82
2026-06-05 16:00,srv-app-01,25.58,8.11,100.08
2026-06-05 17:00,srv-app-01,31.0,5.82,115.08
2026-06-05 18:00,srv-app-01,35.58,6.33,56.01
2026-06-05 19:00,srv-app-01,37.9,6.82,100.73
2026-06-05 20:00,srv-app-01,31.61,5.78,96.76
2026-06-05 21:00,srv-app-01,46.04,5.74,106.22
2026-06-05 22:00,srv-app-01,40.23,7.87,88.95
2026-06-05 23:00,srv-app-01,24.87,6.88,105.9
2026-06-06 00:00,srv-app-01,34.64,6.69,87.36
2026-06-06 01:00,srv-app-01,22.6,8.34,76.48
2026-06-06 02:00,srv-app-01,43.03,6.93,108.86
2026-06-06 03:00,srv-app-01,42.44,,76.6
2026-06-06 04:00,srv-app-01,44.79,5.5,99.69
2026-06-06 05:00,srv-app-01,33.41,,92.42
2026-06-06 06:00,srv-app-01,43.86,7.07,63.71
2026-06-06 07:00,srv-app-01,34.84,7.54,92.5
2026-06-06 08:00,srv-app-01,47.09,7.32,75.5
2026-06-06 09:00,srv-app-01,35.22,7.08,55.29
2026-06-06 10:00,srv-app-01,50.04,7.35,108.41
2026-06-06 11:00,srv-app-01,30.52,8.0,123.47
2026-06-06 12:00,srv-app-01,32.07,7.62,90.02
2026-06-06 13:00,srv-app-01,30.73,7.39,102.5
2026-06-06 14:00,srv-app-01,36.39,7.93,65.0
2026-06-06 15:00,srv-app-01,31.03,7.11,90.38
2026-06-06 16:00,srv-app-01,35.7,7.65,97.96
2026-06-06 17:00,srv-app-01,45.15,6.9,99.04
2026-06-06 18:00,srv-app-01,37.33,8.64,77.81
2026-06-06 19:00,srv-app-01,52.63,7.03,69.37
2026-06-06 20:00,srv-app-01,48.21,7.1,102.77
2026-06-06 21:00,srv-app-01,47.34,7.27,81.12
2026-06-06 22:00,srv-app-01,45.85,7.0,100.29
2026-06-06 23:00,srv-app-01,27.08,7.36,80.42
2026-06-07 00:00,srv-app-01,49.92,7.5,93.6
2026-06-07 01:00,srv-app-01,42.92,6.2,114.35
2026-06-07 02:00,srv-app-01,51.95,7.31,113.86
2026-06-07 03:00,srv-app-01,36.59,6.36,90.61
2026-06-07 04:00,srv-app-01,42.61,6.68,98.07
2026-06-07 05:00,srv-app-01,41.84,6.2,
2026-06-07 06:00,srv-app-01,45.18,7.14,107.29
2026-06-07 07:00,srv-app-01,32.7,7.37,72.45
2026-06-07 08:00,srv-app-01,33.32,6.5,75.87
2026-06-07 09:00,srv-app-01,36.71,6.83,102.56
2026-06-07 10:00,srv-app-01,38.07,5.73,107.1
2026-06-07 11:00,srv-app-01,34.98,6.95,96.7
2026-06-07 12:00,srv-app-01,41.2,7.88,97.19
2026-06-07 13:00,srv-app-01,34.83,8.74,92.92
2026-06-07 14:00,srv-app-01,39.12,7.77,93.74
2026-06-07 15:00,srv-app-01,42.4,8.99,85.87
2026-06-07 16:00,srv-app-01,38.09,7.09,106.07
2026-06-07 17:00,srv-app-01,30.96,5.43,81.19
2026-06-07 18:00,srv-app-01,30.2,6.66,97.54
2026-06-07 19:00,srv-app-01,34.66,5.86,91.04
2026-06-07 20:00,srv-app-01,45.18,5.64,102.3
2026-06-07 21:00,srv-app-01,44.9,7.76,108.28
2026-06-07 22:00,srv-app-01,53.21,6.72,91.64
2026-06-07 23:00,srv-app-01,37.5,7.0,112.99
2026-05-18 00:00,srv-app-02,29.93,6.11,105.66
2026-05-18 01:00,srv-app-02,44.12,6.51,97.82
2026-05-18 02:00,srv-app-02,40.05,8.0,86.12
2026-05-18 03:00,srv-app-02,44.15,8.91,93.97
2026-05-18 04:00,srv-app-02,38.3,7.38,79.52
2026-05-18 05:00,srv-app-02,52.33,6.94,80.91
2026-05-18 06:00,srv-app-02,32.99,7.68,98.01
2026-05-18 07:00,srv-app-02,35.02,7.26,62.37
2026-05-18 08:00,srv-app-02,39.11,7.16,110.61
2026-05-18 09:00,srv-app-02,33.38,5.78,71.57
2026-05-18 10:00,srv-app-02,29.98,7.87,108.23
2026-05-18 11:00,srv-app-02,39.92,7.78,87.01
2026-05-18 12:00,srv-app-02,37.43,6.53,80.34
2026-05-18 13:00,srv-app-02,28.71,7.01,84.39
2026-05-18 14:00,srv-app-02,42.47,6.87,82.56
2026-05-18 15:00,srv-app-02,32.77,6.86,96.07
2026-05-18 16:00,srv-app-02,31.14,6.87,88.5
2026-05-18 17:00,srv-app-02,33.69,6.33,88.46
2026-05-18 18:00,srv-app-02,31.2,7.08,71.57
2026-05-18 19:00,srv-app-02,44.38,8.67,72.09
2026-05-18 20:00,srv-app-02,41.21,6.22,100.61
2026-05-18 21:00,srv-app-02,30.41,7.18,71.91
2026-05-18 22:00,srv-app-02,36.76,5.98,97.34
2026-05-18 23:00,srv-app-02,32.98,7.24,79.84
2026-05-19 00:00,srv-app-02,37.31,6.92,73.57
2026-05-19 01:00,srv-app-02,39.26,8.02,73.33
2026-05-19 02:00,srv-app-02,45.03,8.0,72.76
2026-05-19 03:00,srv-app-02,29.27,7.04,76.79
2026-05-19 04:00,srv-app-02,49.21,6.83,72.97
2026-05-19 05:00,srv-app-02,31.12,7.67,76.43
2026-05-19 06:00,srv-app-02,38.26,7.56,77.74
2026-05-19 07:00,srv-app-02,37.72,6.79,95.25
2026-05-19 08:00,srv-app-02,41.54,6.62,85.95
2026-05-19 09:00,srv-app-02,35.77,5.62,88.86
2026-05-19 10:00,srv-app-02,49.35,6.09,73.4
2026-05-19 11:00,srv-app-02,32.78,7.38,91.73
2026-05-19 12:00,srv-app-02,37.05,6.07,86.39
2026-05-19 13:00,srv-app-02,28.61,6.91,98.07
2026-05-19 14:00,srv-app-02,30.49,5.57,108.69
2026-05-19 15:00,srv-app-02,34.33,7.71,82.69
2026-05-19 16:00,srv-app-02,37.03,7.15,71.74
2026-05-19 17:00,srv-app-02,38.79,6.49,65.19
2026-05-19 18:00,srv-app-02,40.02,6.59,82.64
2026-05-19 19:00,srv-app-02,30.74,8.07,98.15
2026-05-19 20:00,srv-app-02,43.78,6.56,59.06
2026-05-19 21:00,srv-app-02,49.72,6.75,73.77
2026-05-19 22:00,srv-app-02,40.5,7.73,84.65
2026-05-19 23:00,srv-app-02,45.67,7.67,68.85
2026-05-20 00:00,srv-app-02,33.96,7.57,44.31
2026-05-20 01:00,srv-app-02,37.1,5.66,77.85
2026-05-20 02:00,srv-app-02,36.21,6.51,76.72
2026-05-20 03:00,srv-app-02,31.42,8.63,113.01
2026-05-20 04:00,srv-app-02,31.03,8.07,79.01
2026-05-20 05:00,srv-app-02,38.78,6.75,75.1
2026-05-20 06:00,srv-app-02,43.9,6.9,77.85
2026-05-20 07:00,srv-app-02,30.17,6.09,60.38
2026-05-20 08:00,srv-app-02,38.07,5.84,81.02
2026-05-20 09:00,srv-app-02,46.22,7.76,84.52
2026-05-20 10:00,srv-app-02,37.48,8.3,92.81
2026-05-20 11:00,srv-app-02,36.03,5.66,90.91
2026-05-20 12:00,srv-app-02,42.98,6.29,89.37
2026-05-20 13:00,srv-app-02,35.82,6.65,47.68
2026-05-20 14:00,srv-app-02,36.67,7.58,75.53
2026-05-20 15:00,srv-app-02,38.32,6.2,90.41
2026-05-20 16:00,srv-app-02,36.7,6.05,104.99
2026-05-20 17:00,srv-app-02,43.57,6.32,92.47
2026-05-20 18:00,srv-app-02,41.22,7.31,59.59
2026-05-20 19:00,srv-app-02,44.04,6.34,79.63
2026-05-20 20:00,srv-app-02,53.83,7.04,79.21
2026-05-20 21:00,srv-app-02,24.77,7.91,64.82
2026-05-20 22:00,srv-app-02,31.98,6.53,106.25
2026-05-20 23:00,srv-app-02,42.64,6.67,89.62
2026-05-21 00:00,srv-app-02,34.4,6.91,86.1
2026-05-21 01:00,srv-app-02,43.81,7.57,92.41
2026-05-21 02:00,srv-app-02,35.83,7.39,83.62
2026-05-21 03:00,srv-app-02,31.51,6.48,86.27
2026-05-21 04:00,srv-app-02,43.46,6.65,66.86
2026-05-21 05:00,srv-app-02,38.34,6.89,87.79
2026-05-21 06:00,srv-app-02,43.52,7.62,76.09
2026-05-21 07:00,srv-app-02,34.3,5.97,95.48
2026-05-21 08:00,srv-app-02,46.69,6.55,81.38
2026-05-21 09:00,srv-app-02,46.8,7.2,91.54
2026-05-21 10:00,srv-app-02,30.85,7.34,71.06
2026-05-21 11:00,srv-app-02,31.2,,76.21
2026-05-21 12:00,srv-app-02,36.67,5.65,99.38
2026-05-21 13:00,srv-app-02,44.77,5.24,99.68
2026-05-21 14:00,srv-app-02,33.14,7.49,83.97
2026-05-21 15:00,srv-app-02,38.17,6.65,103.18
2026-05-21 16:00,srv-app-02,30.56,7.29,101.52
2026-05-21 17:00,srv-app-02,42.3,8.66,77.07
2026-05-21 18:00,srv-app-02,43.74,6.72,103.5
2026-05-21 19:00,srv-app-02,37.95,6.49,104.59
2026-05-21 20:00,srv-app-02,35.05,5.67,77.25
2026-05-21 21:00,srv-app-02,41.71,7.91,86.67
2026-05-21 22:00,srv-app-02,45.91,5.71,78.35
2026-05-21 23:00,srv-app-02,36.27,6.71,86.26
2026-05-22 00:00,srv-app-02,42.15,6.44,87.09
2026-05-22 01:00,srv-app-02,37.73,6.06,83.29
2026-05-22 02:00,srv-app-02,37.14,6.67,85.48
2026-05-22 03:00,srv-app-02,38.45,6.45,104.09
2026-05-22 04:00,srv-app-02,30.98,6.22,126.7
2026-05-22 05:00,srv-app-02,31.77,5.72,96.02
2026-05-22 06:00,srv-app-02,25.54,6.61,117.19
2026-05-22 07:00,srv-app-02,28.73,5.21,62.51
2026-05-22 08:00,srv-app-02,43.39,7.7,77.31
2026-05-22 09:00,srv-app-02,42.1,7.91,111.81
2026-05-22 10:00,srv-app-02,36.52,4.96,72.69
2026-05-22 11:00,srv-app-02,35.44,6.59,82.18
2026-05-22 12:00,srv-app-02,44.71,7.82,82.42
2026-05-22 13:00,srv-app-02,44.59,7.09,85.97
2026-05-22 14:00,srv-app-02,43.44,6.86,115.87
2026-05-22 15:00,srv-app-02,29.37,6.39,83.1
2026-05-22 16:00,srv-app-02,40.64,7.81,84.63
2026-05-22 17:00,srv-app-02,29.47,7.47,96.32
2026-05-22 18:00,srv-app-02,26.35,6.8,61.15
2026-05-22 19:00,srv-app-02,34.01,6.08,97.14
2026-05-22 20:00,srv-app-02,38.7,5.77,98.2
2026-05-22 21:00,srv-app-02,29.4,7.06,72.79
2026-05-22 22:00,srv-app-02,35.81,7.2,92.82
2026-05-22 23:00,srv-app-02,46.02,6.73,89.6
2026-05-23 00:00,srv-app-02,35.37,6.95,91.59
2026-05-23 01:00,srv-app-02,37.41,5.36,89.97
2026-05-23 02:00,srv-app-02,40.19,6.26,65.73
2026-05-23 03:00,srv-app-02,46.86,7.19,81.56
2026-05-23 04:00,srv-app-02,31.18,6.14,104.54
2026-05-23 05:00,srv-app-02,38.83,6.36,92.65
2026-05-23 06:00,srv-app-02,33.11,8.0,105.29
2026-05-23 07:00,srv-app-02,35.2,6.3,45.73
2026-05-23 08:00,srv-app-02,29.11,5.73,87.03
2026-05-23 09:00,srv-app-02,36.04,5.72,80.78
2026-05-23 10:00,srv-app-02,41.03,7.22,56.5
2026-05-23 11:00,srv-app-02,37.23,5.69,98.53
2026-05-23 12:00,srv-app-02,42.7,6.08,73.51
2026-05-23 13:00,srv-app-02,35.23,5.0,90.04
2026-05-23 14:00,srv-app-02,36.36,7.58,68.52
2026-05-23 15:00,srv-app-02,34.29,5.59,69.94
2026-05-23 16:00,srv-app-02,30.91,7.6,74.53
2026-05-23 17:00,srv-app-02,38.75,6.5,65.96
2026-05-23 18:00,srv-app-02,36.99,7.28,66.88
2026-05-23 19:00,srv-app-02,42.85,6.12,77.76
2026-05-23 20:00,srv-app-02,41.18,6.27,85.56
2026-05-23 21:00,srv-app-02,36.11,6.9,49.29
2026-05-23 22:00,srv-app-02,27.02,7.29,100.56
2026-05-23 23:00,srv-app-02,,6.6,89.42
2026-05-24 00:00,srv-app-02,42.16,5.18,71.71
2026-05-24 01:00,srv-app-02,36.0,7.36,122.48
2026-05-24 02:00,srv-app-02,36.63,5.67,91.03
2026-05-24 03:00,srv-app-02,45.93,6.89,71.4
2026-05-24 04:00,srv-app-02,43.75,7.33,69.61
2026-05-24 05:00,srv-app-02,40.29,7.6,102.73
2026-05-24 06:00,srv-app-02,37.6,6.51,103.41
2026-05-24 07:00,srv-app-02,30.74,7.15,64.45
2026-05-24 08:00,srv-app-02,44.39,6.59,104.03
2026-05-24 09:00,srv-app-02,40.95,5.82,106.37
2026-05-24 10:00,srv-app-02,47.31,7.51,73.58
2026-05-24 11:00,srv-app-02,36.16,6.92,74.44
2026-05-24 12:00,srv-app-02,48.15,6.92,44.45
2026-05-24 13:00,srv-app-02,40.04,6.52,83.88
2026-05-24 14:00,srv-app-02,35.79,7.45,101.8
2026-05-24 15:00,srv-app-02,39.7,6.53,84.38
2026-05-24 16:00,srv-app-02,38.12,6.16,93.68
2026-05-24 17:00,srv-app-02,40.76,8.03,103.83
2026-05-24 18:00,srv-app-02,33.89,7.46,70.74
2026-05-24 19:00,srv-app-02,42.18,,69.65
2026-05-24 20:00,srv-app-02,39.68,4.66,58.74
2026-05-24 21:00,srv-app-02,36.94,6.87,79.46
2026-05-24 22:00,srv-app-02,28.52,6.15,90.87
2026-05-24 23:00,srv-app-02,41.49,6.79,102.35
2026-05-25 00:00,srv-app-02,40.38,6.2,80.79
2026-05-25 01:00,srv-app-02,29.58,6.71,101.68
2026-05-25 02:00,srv-app-02,42.11,7.92,80.46
2026-05-25 03:00,srv-app-02,46.08,6.65,107.07
2026-05-25 04:00,srv-app-02,37.87,7.37,107.13
2026-05-25 05:00,srv-app-02,36.84,6.97,104.33
2026-05-25 06:00,srv-app-02,37.2,5.74,117.15
2026-05-25 07:00,srv-app-02,35.18,6.93,102.34
2026-05-25 08:00,srv-app-02,34.35,5.99,88.81
2026-05-25 09:00,srv-app-02,27.24,6.57,88.68
2026-05-25 10:00,srv-app-02,36.38,5.57,108.91
2026-05-25 11:00,srv-app-02,38.62,7.94,81.1
2026-05-25 12:00,srv-app-02,32.72,7.02,81.76
2026-05-25 13:00,srv-app-02,30.93,7.98,75.67
2026-05-25 14:00,srv-app-02,26.96,7.86,77.44
2026-05-25 15:00,srv-app-02,34.35,5.39,111.11
2026-05-25 16:00,srv-app-02,30.26,6.85,98.69
2026-05-25 17:00,srv-app-02,40.53,6.75,59.48
2026-05-25 18:00,srv-app-02,33.14,6.95,73.19
2026-05-25 19:00,srv-app-02,39.22,7.35,99.44
2026-05-25 20:00,srv-app-02,30.64,8.56,96.51
2026-05-25 21:00,srv-app-02,37.99,7.67,120.48
2026-05-25 22:00,srv-app-02,29.37,6.62,49.32
2026-05-25 23:00,srv-app-02,39.16,7.09,84.41
2026-05-26 00:00,srv-app-02,34.07,5.16,90.6
2026-05-26 01:00,srv-app-02,46.73,6.33,91.6
2026-05-26 02:00,srv-app-02,28.59,7.17,79.1
2026-05-26 03:00,srv-app-02,33.43,6.19,79.1
2026-05-26 04:00,srv-app-02,40.29,5.75,79.04
2026-05-26 05:00,srv-app-02,37.75,5.92,111.95
2026-05-26 06:00,srv-app-02,32.88,6.26,70.33
2026-05-26 07:00,srv-app-02,48.79,7.24,70.95
2026-05-26 08:00,srv-app-02,44.64,6.96,88.86
2026-05-26 09:00,srv-app-02,35.93,6.2,90.07
2026-05-26 10:00,srv-app-02,34.73,8.25,65.96
2026-05-26 11:00,srv-app-02,47.22,6.71,89.49
2026-05-26 12:00,srv-app-02,43.0,6.3,97.96
2026-05-26 13:00,srv-app-02,21.75,6.22,71.14
2026-05-26 14:00,srv-app-02,30.48,6.63,90.79
2026-05-26 15:00,srv-app-02,42.22,6.99,75.01
2026-05-26 16:00,srv-app-02,40.21,6.9,99.04
2026-05-26 17:00,srv-app-02,42.66,6.82,71.54
2026-05-26 18:00,srv-app-02,34.08,6.36,80.27
2026-05-26 19:00,srv-app-02,39.61,7.37,84.23
2026-05-26 20:00,srv-app-02,38.1,6.91,77.26
2026-05-26 21:00,srv-app-02,32.45,5.4,74.57
2026-05-26 22:00,srv-app-02,40.84,6.24,81.43
2026-05-26 23:00,srv-app-02,40.8,7.22,68.81
2026-05-27 00:00,srv-app-02,43.98,7.7,68.05
2026-05-27 01:00,srv-app-02,33.06,7.75,82.8
2026-05-27 02:00,srv-app-02,,5.68,81.26
2026-05-27 03:00,srv-app-02,31.02,6.47,85.49
2026-05-27 04:00,srv-app-02,46.77,6.57,
2026-05-27 05:00,srv-app-02,46.57,7.95,89.27
2026-05-27 06:00,srv-app-02,26.22,7.17,100.73
2026-05-27 07:00,srv-app-02,37.51,8.2,97.9
2026-05-27 08:00,srv-app-02,41.41,7.67,90.0
2026-05-27 09:00,srv-app-02,23.04,6.4,102.96
2026-05-27 10:00,srv-app-02,33.15,6.62,69.33
2026-05-27 11:00,srv-app-02,48.7,8.15,71.74
2026-05-27 12:00,srv-app-02,38.88,6.26,94.22
2026-05-27 13:00,srv-app-02,41.06,7.45,
2026-05-27 14:00,srv-app-02,55.61,5.98,59.34
2026-05-27 15:00,srv-app-02,35.64,5.55,62.61
2026-05-27 16:00,srv-app-02,31.99,6.06,70.68
2026-05-27 17:00,srv-app-02,41.11,6.4,82.31
2026-05-27 18:00,srv-app-02,43.37,6.19,81.03
2026-05-27 19:00,srv-app-02,40.19,5.25,49.23
2026-05-27 20:00,srv-app-02,40.08,7.19,115.96
2026-05-27 21:00,srv-app-02,38.95,7.46,82.07
2026-05-27 22:00,srv-app-02,39.78,8.13,53.14
2026-05-27 23:00,srv-app-02,40.48,8.51,89.23
2026-05-28 00:00,srv-app-02,47.9,6.3,84.52
2026-05-28 01:00,srv-app-02,38.2,5.03,67.48
2026-05-28 02:00,srv-app-02,31.42,7.46,98.08
2026-05-28 03:00,srv-app-02,39.94,7.46,82.54
2026-05-28 04:00,srv-app-02,45.21,6.81,85.87
2026-05-28 05:00,srv-app-02,36.41,7.35,78.68
2026-05-28 06:00,srv-app-02,43.86,5.89,68.52
2026-05-28 07:00,srv-app-02,42.12,6.73,78.19
2026-05-28 08:00,srv-app-02,43.34,6.31,82.0
2026-05-28 09:00,srv-app-02,46.4,8.03,108.59
2026-05-28 10:00,srv-app-02,36.31,7.78,70.77
2026-05-28 11:00,srv-app-02,32.56,4.92,110.09
2026-05-28 12:00,srv-app-02,32.82,6.7,71.35
2026-05-28 13:00,srv-app-02,42.17,6.5,65.43
2026-05-28 14:00,srv-app-02,40.65,5.65,72.44
2026-05-28 15:00,srv-app-02,25.36,5.66,87.68
2026-05-28 16:00,srv-app-02,26.21,5.62,84.96
2026-05-28 17:00,srv-app-02,34.74,8.39,112.51
2026-05-28 18:00,srv-app-02,32.79,7.25,96.24
2026-05-28 19:00,srv-app-02,34.42,5.6,84.82
2026-05-28 20:00,srv-app-02,36.96,6.45,91.63
2026-05-28 21:00,srv-app-02,33.5,5.88,86.64
2026-05-28 22:00,srv-app-02,40.32,5.86,98.92
2026-05-28 23:00,srv-app-02,27.38,6.34,81.13
2026-05-29 00:00,srv-app-02,34.18,6.35,113.07
2026-05-29 01:00,srv-app-02,32.89,8.75,91.56
2026-05-29 02:00,srv-app-02,38.55,7.18,122.95
2026-05-29 03:00,srv-app-02,32.04,5.9,73.68
2026-05-29 04:00,srv-app-02,38.19,5.42,85.34
2026-05-29 05:00,srv-app-02,48.16,6.92,80.61
2026-05-29 06:00,srv-app-02,34.29,7.52,72.61
2026-05-29 07:00,srv-app-02,49.08,8.35,88.85
2026-05-29 08:00,srv-app-02,37.93,7.62,101.42
2026-05-29 09:00,srv-app-02,33.16,6.38,65.16
2026-05-29 10:00,srv-app-02,40.45,7.33,64.75
2026-05-29 11:00,srv-app-02,35.27,5.72,71.52
2026-05-29 12:00,srv-app-02,41.31,6.21,80.49
2026-05-29 13:00,srv-app-02,28.24,6.95,84.34
2026-05-29 14:00,srv-app-02,33.63,6.65,87.7
2026-05-29 15:00,srv-app-02,33.11,5.62,112.08
2026-05-29 16:00,srv-app-02,34.2,6.72,100.16
2026-05-29 17:00,srv-app-02,59.17,5.8,91.75
2026-05-29 18:00,srv-app-02,33.75,6.37,74.2
2026-05-29 19:00,srv-app-02,31.25,6.77,62.88
2026-05-29 20:00,srv-app-02,43.68,6.84,91.34
2026-05-29 21:00,srv-app-02,35.2,6.51,89.31
2026-05-29 22:00,srv-app-02,31.02,6.51,72.11
2026-05-29 23:00,srv-app-02,32.66,5.11,105.09
2026-05-30 00:00,srv-app-02,33.88,7.73,101.03
2026-05-30 01:00,srv-app-02,30.28,5.93,123.41
2026-05-30 02:00,srv-app-02,48.51,6.77,88.86
2026-05-30 03:00,srv-app-02,34.21,7.15,74.24
2026-05-30 04:00,srv-app-02,25.81,5.74,85.32
2026-05-30 05:00,srv-app-02,31.21,6.75,68.88
2026-05-30 06:00,srv-app-02,33.31,7.48,88.71
2026-05-30 07:00,srv-app-02,37.94,7.5,92.21
2026-05-30 08:00,srv-app-02,46.68,6.43,78.56
2026-05-30 09:00,srv-app-02,30.19,6.46,99.47
2026-05-30 10:00,srv-app-02,45.8,7.57,58.09
2026-05-30 11:00,srv-app-02,44.5,,98.47
2026-05-30 12:00,srv-app-02,35.79,7.36,65.01
2026-05-30 13:00,srv-app-02,45.03,5.63,74.97
2026-05-30 14:00,srv-app-02,32.01,5.4,86.42
2026-05-30 15:00,srv-app-02,48.84,8.93,86.46
2026-05-30 16:00,srv-app-02,44.7,6.99,92.48
2026-05-30 17:00,srv-app-02,35.95,6.96,93.06
2026-05-30 18:00,srv-app-02,34.53,6.74,84.12
2026-05-30 19:00,srv-app-02,42.96,5.95,84.23
2026-05-30 20:00,srv-app-02,49.47,7.73,105.24
2026-05-30 21:00,srv-app-02,38.15,7.06,100.03
2026-05-30 22:00,srv-app-02,47.36,5.24,65.27
2026-05-30 23:00,srv-app-02,45.86,6.58,74.92
2026-05-31 00:00,srv-app-02,30.48,6.36,63.96
2026-05-31 01:00,srv-app-02,,6.78,84.13
2026-05-31 02:00,srv-app-02,41.53,7.57,99.19
2026-05-31 03:00,srv-app-02,44.44,6.3,80.53
2026-05-31 04:00,srv-app-02,42.61,6.38,84.92
2026-05-31 05:00,srv-app-02,40.39,7.43,58.33
2026-05-31 06:00,srv-app-02,42.29,6.61,95.61
2026-05-31 07:00,srv-app-02,42.66,8.09,105.3
2026-05-31 08:00,srv-app-02,46.08,7.95,89.37
2026-05-31 09:00,srv-app-02,38.19,7.5,95.98
2026-05-31 10:00,srv-app-02,36.15,7.12,84.47
2026-05-31 11:00,srv-app-02,32.88,7.83,85.83
2026-05-31 12:00,srv-app-02,50.29,5.5,76.65
2026-05-31 13:00,srv-app-02,,7.71,90.99
2026-05-31 14:00,srv-app-02,39.86,5.9,67.65
2026-05-31 15:00,srv-app-02,39.94,5.71,77.02
2026-05-31 16:00,srv-app-02,41.01,6.01,109.08
2026-05-31 17:00,srv-app-02,45.34,5.54,71.01
2026-05-31 18:00,srv-app-02,24.29,6.17,96.5
2026-05-31 19:00,srv-app-02,,7.17,62.16
2026-05-31 20:00,srv-app-02,42.79,6.36,85.18
2026-05-31 21:00,srv-app-02,37.44,5.78,67.7
2026-05-31 22:00,srv-app-02,43.81,7.12,100.75
2026-05-31 23:00,srv-app-02,39.95,6.91,59.11
2026-06-01 00:00,srv-app-02,36.38,6.78,114.3
2026-06-01 01:00,srv-app-02,42.12,8.03,93.96
2026-06-01 02:00,srv-app-02,33.73,6.89,88.54
2026-06-01 03:00,srv-app-02,32.37,6.49,81.91
2026-06-01 04:00,srv-app-02,47.63,5.14,103.09
2026-06-01 05:00,srv-app-02,32.38,5.7,102.7
2026-06-01 06:00,srv-app-02,42.39,7.8,97.01
2026-06-01 07:00,srv-app-02,50.36,7.25,82.65
2026-06-01 08:00,srv-app-02,40.06,,73.31
2026-06-01 09:00,srv-app-02,34.09,6.55,53.43
2026-06-01 10:00,srv-app-02,38.83,5.29,85.8
2026-06-01 11:00,srv-app-02,43.19,6.42,110.16
2026-06-01 12:00,srv-app-02,29.24,7.75,95.13
2026-06-01 13:00,srv-app-02,27.7,8.97,84.04
2026-06-01 14:00,srv-app-02,76.43,5.67,81.7
2026-06-01 15:00,srv-app-02,74.61,6.88,80.53
2026-06-01 16:00,srv-app-02,77.61,6.49,55.98
2026-06-01 17:00,srv-app-02,78.38,4.91,90.31
2026-06-01 18:00,srv-app-02,70.49,6.93,104.71
2026-06-01 19:00,srv-app-02,74.03,7.65,78.5
2026-06-01 20:00,srv-app-02,48.52,6.51,72.39
2026-06-01 21:00,srv-app-02,42.12,6.45,72.38
2026-06-01 22:00,srv-app-02,35.13,6.76,105.13
2026-06-01 23:00,srv-app-02,26.4,6.82,94.37
2026-06-02 00:00,srv-app-02,39.16,7.85,83.88
2026-06-02 01:00,srv-app-02,36.89,7.27,86.49
2026-06-02 02:00,srv-app-02,35.66,7.21,75.21
2026-06-02 03:00,srv-app-02,34.33,6.38,105.3
2026-06-02 04:00,srv-app-02,18.67,7.12,85.51
2026-06-02 05:00,srv-app-02,27.91,7.05,92.14
2026-06-02 06:00,srv-app-02,41.54,4.68,105.5
2026-06-02 07:00,srv-app-02,33.57,7.35,96.12
2026-06-02 08:00,srv-app-02,32.74,7.33,79.22
2026-06-02 09:00,srv-app-02,25.57,7.73,73.37
2026-06-02 10:00,srv-app-02,32.87,6.48,89.08
2026-06-02 11:00,srv-app-02,37.66,7.24,64.91
2026-06-02 12:00,srv-app-02,33.55,6.71,113.47
2026-06-02 13:00,srv-app-02,37.32,7.67,85.58
2026-06-02 14:00,srv-app-02,35.1,6.6,82.47
2026-06-02 15:00,srv-app-02,41.62,7.9,90.4
2026-06-02 16:00,srv-app-02,45.12,6.03,78.78
2026-06-02 17:00,srv-app-02,33.65,7.05,79.62
2026-06-02 18:00,srv-app-02,42.38,6.06,85.65
2026-06-02 19:00,srv-app-02,42.12,5.15,116.82
2026-06-02 20:00,srv-app-02,36.3,5.18,87.37
2026-06-02 21:00,srv-app-02,38.2,6.73,99.87
2026-06-02 22:00,srv-app-02,42.48,7.04,91.75
2026-06-02 23:00,srv-app-02,37.37,8.22,62.81
2026-06-03 00:00,srv-app-02,38.84,6.85,97.2
2026-06-03 01:00,srv-app-02,32.94,5.41,87.35
2026-06-03 02:00,srv-app-02,39.69,7.99,65.94
2026-06-03 03:00,srv-app-02,44.93,8.69,79.33
2026-06-03 04:00,srv-app-02,30.25,6.47,85.21
2026-06-03 05:00,srv-app-02,41.38,6.33,108.33
2026-06-03 06:00,srv-app-02,31.31,5.41,101.6
2026-06-03 07:00,srv-app-02,24.35,6.64,131.77
2026-06-03 08:00,srv-app-02,37.93,5.9,84.14
2026-06-03 09:00,srv-app-02,37.7,6.93,94.93
2026-06-03 10:00,srv-app-02,31.77,8.15,88.68
2026-06-03 11:00,srv-app-02,42.36,6.3,104.3
2026-06-03 12:00,srv-app-02,36.46,7.02,71.0
2026-06-03 13:00,srv-app-02,32.02,7.35,78.35
2026-06-03 14:00,srv-app-02,32.88,6.29,95.48
2026-06-03 15:00,srv-app-02,34.23,6.71,85.23
2026-06-03 16:00,srv-app-02,26.5,5.62,90.04
2026-06-03 17:00,srv-app-02,33.58,7.65,99.5
2026-06-03 18:00,srv-app-02,42.32,8.26,83.75
2026-06-03 19:00,srv-app-02,41.89,6.33,121.79
2026-06-03 20:00,srv-app-02,49.9,6.81,
2026-06-03 21:00,srv-app-02,46.16,6.68,75.15
2026-06-03 22:00,srv-app-02,43.24,6.86,87.74
2026-06-03 23:00,srv-app-02,32.99,5.43,88.54
2026-06-04 00:00,srv-app-02,43.43,6.62,106.55
2026-06-04 01:00,srv-app-02,33.78,5.96,83.99
2026-06-04 02:00,srv-app-02,37.5,7.42,73.38
2026-06-04 03:00,srv-app-02,46.21,8.37,84.41
2026-06-04 04:00,srv-app-02,45.5,5.95,101.13
2026-06-04 05:00,srv-app-02,44.28,7.49,84.77
2026-06-04 06:00,srv-app-02,20.27,6.29,75.61
2026-06-04 07:00,srv-app-02,32.13,6.9,78.72
2026-06-04 08:00,srv-app-02,33.05,5.95,74.27
2026-06-04 09:00,srv-app-02,44.73,6.27,77.28
2026-06-04 10:00,srv-app-02,35.26,7.07,91.84
2026-06-04 11:00,srv-app-02,19.73,7.62,106.55
2026-06-04 12:00,srv-app-02,31.7,6.02,78.25
2026-06-04 13:00,srv-app-02,33.46,6.98,55.8
2026-06-04 14:00,srv-app-02,31.29,8.03,71.08
2026-06-04 15:00,srv-app-02,45.46,7.08,57.86
2026-06-04 16:00,srv-app-02,41.81,6.71,78.17
2026-06-04 17:00,srv-app-02,39.47,7.18,95.61
2026-06-04 18:00,srv-app-02,45.07,7.13,64.37
2026-06-04 19:00,srv-app-02,35.16,9.15,95.87
2026-06-04 20:00,srv-app-02,52.22,7.92,88.63
2026-06-04 21:00,srv-app-02,39.81,6.77,58.93
2026-06-04 22:00,srv-app-02,38.11,7.77,76.01
2026-06-04 23:00,srv-app-02,40.47,7.48,71.35
2026-06-05 00:00,srv-app-02,35.29,5.99,72.67
2026-06-05 01:00,srv-app-02,30.27,6.08,106.29
2026-06-05 02:00,srv-app-02,32.51,6.9,77.46
2026-06-05 03:00,srv-app-02,45.07,7.85,97.96
2026-06-05 04:00,srv-app-02,39.84,6.62,67.12
2026-06-05 05:00,srv-app-02,49.66,6.19,94.95
2026-06-05 06:00,srv-app-02,44.36,6.36,100.57
2026-06-05 07:00,srv-app-02,42.59,8.18,77.96
2026-06-05 08:00,srv-app-02,30.28,6.4,88.13
2026-06-05 09:00,srv-app-02,38.35,6.49,56.36
2026-06-05 10:00,srv-app-02,40.82,8.38,91.96
2026-06-05 11:00,srv-app-02,41.65,7.26,90.96
2026-06-05 12:00,srv-app-02,43.59,7.12,80.31
2026-06-05 13:00,srv-app-02,33.22,6.6,89.71
2026-06-05 14:00,srv-app-02,36.1,7.05,91.59
2026-06-05 15:00,srv-app-02,43.0,7.83,86.17
2026-06-05 16:00,srv-app-02,30.15,6.52,85.66
2026-06-05 17:00,srv-app-02,26.99,7.91,87.14
2026-06-05 18:00,srv-app-02,40.29,7.89,75.55
2026-06-05 19:00,srv-app-02,41.44,6.71,82.24
2026-06-05 20:00,srv-app-02,33.37,8.13,79.37
2026-06-05 21:00,srv-app-02,42.2,5.3,102.7
2026-06-05 22:00,srv-app-02,44.31,6.88,81.6
2026-06-05 23:00,srv-app-02,40.4,8.63,58.55
2026-06-06 00:00,srv-app-02,42.69,6.07,84.7
2026-06-06 01:00,srv-app-02,36.51,6.46,84.84
2026-06-06 02:00,srv-app-02,31.19,7.62,58.09
2026-06-06 03:00,srv-app-02,41.24,6.54,67.44
2026-06-06 04:00,srv-app-02,39.21,5.55,85.6
2026-06-06 05:00,srv-app-02,29.46,7.17,71.13
2026-06-06 06:00,srv-app-02,35.29,7.04,73.41
2026-06-06 07:00,srv-app-02,37.65,5.59,94.46
2026-06-06 08:00,srv-app-02,48.59,9.03,86.37
2026-06-06 09:00,srv-app-02,42.73,5.38,107.54
2026-06-06 10:00,srv-app-02,42.66,6.41,103.56
2026-06-06 11:00,srv-app-02,36.47,6.43,92.13
2026-06-06 12:00,srv-app-02,31.62,7.62,69.16
2026-06-06 13:00,srv-app-02,31.7,6.07,96.39
2026-06-06 14:00,srv-app-02,34.3,5.72,75.91
2026-06-06 15:00,srv-app-02,37.81,5.86,67.72
2026-06-06 16:00,srv-app-02,50.67,6.11,80.15
2026-06-06 17:00,srv-app-02,35.8,6.46,94.32
2026-06-06 18:00,srv-app-02,43.69,6.56,66.45
2026-06-06 19:00,srv-app-02,45.65,6.72,110.95
2026-06-06 20:00,srv-app-02,24.53,6.96,113.78
2026-06-06 21:00,srv-app-02,35.88,6.62,89.43
2026-06-06 22:00,srv-app-02,34.65,6.55,79.93
2026-06-06 23:00,srv-app-02,34.24,7.78,91.92
2026-06-07 00:00,srv-app-02,39.5,7.45,81.03
2026-06-07 01:00,srv-app-02,33.35,6.32,85.03
2026-06-07 02:00,srv-app-02,31.64,6.4,77.26
2026-06-07 03:00,srv-app-02,50.75,4.58,82.31
2026-06-07 04:00,srv-app-02,48.35,6.9,96.3
2026-06-07 05:00,srv-app-02,38.6,6.27,51.37
2026-06-07 06:00,srv-app-02,39.23,6.18,72.99
2026-06-07 07:00,srv-app-02,35.01,8.2,121.07
2026-06-07 08:00,srv-app-02,39.3,6.43,67.34
2026-06-07 09:00,srv-app-02,40.81,8.23,81.29
2026-06-07 10:00,srv-app-02,,7.34,99.78
2026-06-07 11:00,srv-app-02,28.48,6.94,
2026-06-07 12:00,srv-app-02,37.56,6.17,100.24
2026-06-07 13:00,srv-app-02,35.58,5.61,54.26
2026-06-07 14:00,srv-app-02,,7.29,86.32
2026-06-07 15:00,srv-app-02,35.36,6.38,68.86
2026-06-07 16:00,srv-app-02,35.41,5.1,73.96
2026-06-07 17:00,srv-app-02,,7.29,84.4
2026-06-07 18:00,srv-app-02,42.77,7.88,100.87
2026-06-07 19:00,srv-app-02,40.82,6.81,70.29
2026-06-07 20:00,srv-app-02,42.44,8.14,90.13
2026-06-07 21:00,srv-app-02,49.5,5.58,67.69
2026-06-07 22:00,srv-app-02,43.13,7.01,104.71
2026-06-07 23:00,srv-app-02,37.91,6.11,81.8
